Age Group,Date,Cases,Cases_sum,IFR
0-20,2020-03-01,17.4,156,11.15384615
21-40,2020-03-01,79.8,156,51.15384615
41-60,2020-03-01,44.8,156,28.71794872
61-80,2020-03-01,14,156,8.974358974
80+,2020-03-01,0,156,0
0-20,2020-03-02,18.6,196.9,9.446419502
21-40,2020-03-02,97.9,196.9,49.72067039
41-60,2020-03-02,57.4,196.9,29.15185373
61-80,2020-03-02,22,196.9,11.17318436
80+,2020-03-02,1,196.9,0.507872016
0-20,2020-03-03,29.8,282.1,10.56362992
21-40,2020-03-03,124.8,282.1,44.23963134
41-60,2020-03-03,88.5,282.1,31.37185395
61-80,2020-03-03,38,282.1,13.47040057
80+,2020-03-03,1,282.1,0.354484225
0-20,2020-03-04,37.3,435.9,8.557008488
21-40,2020-03-04,198.7,435.9,45.58384951
41-60,2020-03-04,143.9,435.9,33.01215875
61-80,2020-03-04,51,435.9,11.69993118
80+,2020-03-04,5,435.9,1.147052076
0-20,2020-03-05,50.7,620,8.177419355
21-40,2020-03-05,284.3,620,45.85483871
41-60,2020-03-05,210,620,33.87096774
61-80,2020-03-05,68,620,10.96774194
80+,2020-03-05,7,620,1.129032258
0-20,2020-03-06,62.6,806.1,7.765785883
21-40,2020-03-06,336.7,806.1,41.76901129
41-60,2020-03-06,292.8,806.1,36.32303684
61-80,2020-03-06,100,806.1,12.40540876
80+,2020-03-06,14,806.1,1.736757226
0-20,2020-03-07,73.7,947,7.782470961
21-40,2020-03-07,380,947,40.12671595
41-60,2020-03-07,350.3,947,36.9904963
61-80,2020-03-07,127,947,13.41077086
80+,2020-03-07,16,947,1.689545935
0-20,2020-03-08,83.8,1048.1,7.995420284
21-40,2020-03-08,412.7,1048.1,39.37601374
41-60,2020-03-08,397.6,1048.1,37.93531152
61-80,2020-03-08,136,1048.1,12.97586108
80+,2020-03-08,18,1048.1,1.717393378
0-20,2020-03-09,108.7,1395,7.792114695
21-40,2020-03-09,533.6,1395,38.25089606
41-60,2020-03-09,548.8,1395,39.34050179
61-80,2020-03-09,178,1395,12.75985663
80+,2020-03-09,25.9,1395,1.856630824
0-20,2020-03-10,150.1,1996,7.52004008
21-40,2020-03-10,728.1,1996,36.47795591
41-60,2020-03-10,798.8,1996,40.02004008
61-80,2020-03-10,279,1996,13.97795591
80+,2020-03-10,40,1996,2.004008016
0-20,2020-03-11,206.8,2752.9,7.512078172
21-40,2020-03-11,966,2752.9,35.09026844
41-60,2020-03-11,1111.1,2752.9,40.36107378
61-80,2020-03-11,418,2752.9,15.18398779
80+,2020-03-11,51,2752.9,1.852591812
0-20,2020-03-12,243.5,3745.1,6.501829057
21-40,2020-03-12,1281.6,3745.1,34.22071507
41-60,2020-03-12,1592.9,3745.1,42.53290967
61-80,2020-03-12,560,3745.1,14.95287175
80+,2020-03-12,67.1,3745.1,1.791674455
0-20,2020-03-13,324,5194.1,6.237846788
21-40,2020-03-13,1735.1,5194.1,33.40520976
41-60,2020-03-13,2266,5194.1,43.62642229
61-80,2020-03-13,774,5194.1,14.90152288
80+,2020-03-13,95,5194.1,1.828998287
0-20,2020-03-14,399.3,6498,6.144967682
21-40,2020-03-14,2215.6,6498,34.09664512
41-60,2020-03-14,2831.1,6498,43.5687904
61-80,2020-03-14,934,6498,14.37365343
80+,2020-03-14,118,6498,1.815943367
0-20,2020-03-15,443.4,7477.2,5.930027283
21-40,2020-03-15,2570,7477.2,34.37115498
41-60,2020-03-15,3251.5,7477.2,43.48552934
61-80,2020-03-15,1062.2,7477.2,14.20585246
80+,2020-03-15,150.1,7477.2,2.007435939
0-20,2020-03-16,541.8,9525,5.688188976
21-40,2020-03-16,3278.4,9525,34.41889764
41-60,2020-03-16,4128.6,9525,43.34488189
61-80,2020-03-16,1377.1,9525,14.45774278
80+,2020-03-16,199.1,9525,2.090288714
0-20,2020-03-17,712.8,12569.1,5.671050433
21-40,2020-03-17,4379.6,12569.1,34.84418137
41-60,2020-03-17,5379.3,12569.1,42.79781369
61-80,2020-03-17,1807.3,12569.1,14.37891337
80+,2020-03-17,290.1,12569.1,2.308041149
0-20,2020-03-18,866.6,16181.2,5.355597854
21-40,2020-03-18,5760.1,16181.2,35.5974835
41-60,2020-03-18,6810.8,16181.2,42.09082145
61-80,2020-03-18,2360.5,16181.2,14.58791684
80+,2020-03-18,383.2,16181.2,2.368180357
0-20,2020-03-19,1017.8,20243.2,5.027861208
21-40,2020-03-19,7315.8,20243.2,36.13954316
41-60,2020-03-19,8380.7,20243.2,41.40007509
61-80,2020-03-19,3023.6,20243.2,14.9363737
80+,2020-03-19,505.3,20243.2,2.496146854
0-20,2020-03-20,1228.6,24294.1,5.057194957
21-40,2020-03-20,8783.1,24294.1,36.15322239
41-60,2020-03-20,9915.5,24294.1,40.81443643
61-80,2020-03-20,3698.5,24294.1,15.22386094
80+,2020-03-20,668.4,24294.1,2.751285291
0-20,2020-03-21,1390.1,27651.1,5.027286437
21-40,2020-03-21,10036.8,27651.1,36.29801346
41-60,2020-03-21,11079.2,27651.1,40.0678454
61-80,2020-03-21,4325.6,27651.1,15.64350062
80+,2020-03-21,819.4,27651.1,2.96335408
0-20,2020-03-22,1481.4,29918.1,4.951517643
21-40,2020-03-22,10855.6,29918.1,36.28438972
41-60,2020-03-22,11897.5,29918.1,39.76689696
61-80,2020-03-22,4749,29918.1,15.8733342
80+,2020-03-22,934.6,29918.1,3.123861475
0-20,2020-03-23,1653.2,33644.4,4.913744932
21-40,2020-03-23,12163.6,33644.4,36.15341632
41-60,2020-03-23,13229.6,33644.4,39.32184851
61-80,2020-03-23,5478.2,33644.4,16.28265031
80+,2020-03-23,1119.8,33644.4,3.328339932
0-20,2020-03-24,1868.2,38529.5,4.848752255
21-40,2020-03-24,13916.7,38529.5,36.11959667
41-60,2020-03-24,14910.3,38529.5,38.69839993
61-80,2020-03-24,6425.3,38529.5,16.67631296
80+,2020-03-24,1409,38529.5,3.65693819
0-20,2020-03-25,2130.6,44218.6,4.818334366
21-40,2020-03-25,15807.5,44218.6,35.74853116
41-60,2020-03-25,17021.9,44218.6,38.49488677
61-80,2020-03-25,7515.4,44218.6,16.99601525
80+,2020-03-25,1743.2,44218.6,3.942232454
0-20,2020-03-26,2380.7,50129.8,4.749071411
21-40,2020-03-26,17874.5,50129.8,35.65643589
41-60,2020-03-26,19008,50129.8,37.917566
61-80,2020-03-26,8708,50129.8,17.37090513
80+,2020-03-26,2158.6,50129.8,4.306021568
0-20,2020-03-27,2649.4,56124.8,4.720551343
21-40,2020-03-27,19851.6,56124.8,35.37046012
41-60,2020-03-27,20981.2,56124.8,37.38311762
61-80,2020-03-27,9989,56124.8,17.79783625
80+,2020-03-27,2653.6,56124.8,4.728034666
0-20,2020-03-28,2888,60860.6,4.745270339
21-40,2020-03-28,21411.9,60860.6,35.18187464
41-60,2020-03-28,22443,60860.6,36.87607418
61-80,2020-03-28,11015.2,60860.6,18.09906573
80+,2020-03-28,3102.5,60860.6,5.097715106
0-20,2020-03-29,3017.4,63948.8,4.71846227
21-40,2020-03-29,22462.8,63948.8,35.12622598
41-60,2020-03-29,23427.3,63948.8,36.63446382
61-80,2020-03-29,11654.4,63948.8,18.22457966
80+,2020-03-29,3386.9,63948.8,5.296268265
0-20,2020-03-30,3171.7,68072.4,4.659303918
21-40,2020-03-30,23782.5,68072.4,34.93706701
41-60,2020-03-30,24738.1,68072.4,36.34086649
61-80,2020-03-30,12544.5,68072.4,18.42817353
80+,2020-03-30,3835.6,68072.4,5.634589055
0-20,2020-03-31,3490.6,74134.7,4.708456364
21-40,2020-03-31,25591.4,74134.7,34.52013699
41-60,2020-03-31,26685,74134.7,35.99528966
61-80,2020-03-31,13851.8,74134.7,18.68463756
80+,2020-03-31,4515.9,74134.7,6.091479429
0-20,2020-04-01,3807.5,80413.9,4.734877925
21-40,2020-04-01,27506.2,80413.9,34.20577786
41-60,2020-04-01,28612.4,80413.9,35.58141068
61-80,2020-04-01,15216.3,80413.9,18.92247485
80+,2020-04-01,5271.5,80413.9,6.555458696
0-20,2020-04-02,4094.8,86975.3,4.708003307
21-40,2020-04-02,29538.7,86975.3,33.96217087
41-60,2020-04-02,30605.4,86975.3,35.18861102
61-80,2020-04-02,16609.4,86975.3,19.09668607
80+,2020-04-02,6127,86975.3,7.044528734
0-20,2020-04-03,4392.7,93158.5,4.715297048
21-40,2020-04-03,31392.5,93158.5,33.6979449
41-60,2020-04-03,32445.3,93158.5,34.82806185
61-80,2020-04-03,17912.6,93158.5,19.22808976
80+,2020-04-03,7015.4,93158.5,7.53060644
0-20,2020-04-04,4622.7,97496.4,4.741405837
21-40,2020-04-04,32638.6,97496.4,33.47672324
41-60,2020-04-04,33820.4,97496.4,34.68887056
61-80,2020-04-04,18821.7,97496.4,19.30502049
80+,2020-04-04,7593,97496.4,7.787979864
0-20,2020-04-05,4729.1,100051.5,4.726665767
21-40,2020-04-05,33448.2,100051.5,33.43098304
41-60,2020-04-05,34557.2,100051.5,34.5394122
61-80,2020-04-05,19342.6,100051.5,19.33264369
80+,2020-04-05,7974.4,100051.5,7.970295298
0-20,2020-04-06,4884.1,103726.1,4.708650957
21-40,2020-04-06,34591.1,103726.1,33.34850149
41-60,2020-04-06,35582.1,103726.1,34.3039023
61-80,2020-04-06,20129.7,103726.1,19.40659101
80+,2020-04-06,8539.1,103726.1,8.232354248
0-20,2020-04-07,5138.9,108926.5,4.717768403
21-40,2020-04-07,36223.1,108926.5,33.25462583
41-60,2020-04-07,37146.1,108926.5,34.1019862
61-80,2020-04-07,21156.8,108926.5,19.42300542
80+,2020-04-07,9261.6,108926.5,8.502614148
0-20,2020-04-08,5383.1,114205.4,4.71352493
21-40,2020-04-08,37815.6,114205.4,33.1119194
41-60,2020-04-08,38746.7,114205.4,33.92720484
61-80,2020-04-08,22197.2,114205.4,19.4362088
80+,2020-04-08,10062.8,114205.4,8.81114203
0-20,2020-04-09,5601.8,119117.8,4.702739641
21-40,2020-04-09,39382.3,119117.8,33.0616415
41-60,2020-04-09,40164.1,119117.8,33.71796658
61-80,2020-04-09,23143.3,119117.8,19.42891826
80+,2020-04-09,10826.3,119117.8,9.08873401
0-20,2020-04-10,5760.8,122470,4.70384584
21-40,2020-04-10,40436.9,122470,33.01780028
41-60,2020-04-10,41096.3,122470,33.55621785
61-80,2020-04-10,23771.5,122470,19.41005961
80+,2020-04-10,11404.5,122470,9.312076427
0-20,2020-04-11,5934.5,125361.6,4.733905757
21-40,2020-04-11,41349.3,125361.6,32.98402382
41-60,2020-04-11,41863.2,125361.6,33.39395796
61-80,2020-04-11,24278.4,125361.6,19.36669602
80+,2020-04-11,11936.2,125361.6,9.521416447
0-20,2020-04-12,6011.2,127227.5,4.724764693
21-40,2020-04-12,41906.7,127227.5,32.93839775
41-60,2020-04-12,42325,127227.5,33.26717887
61-80,2020-04-12,24619.5,127227.5,19.35076929
80+,2020-04-12,12365.1,127227.5,9.718889391
0-20,2020-04-13,6088.8,128825.8,4.726382448
21-40,2020-04-13,42355.7,128825.8,32.87827438
41-60,2020-04-13,42698.7,128825.8,33.1445254
61-80,2020-04-13,24951.8,128825.8,19.36863579
80+,2020-04-13,12730.8,128825.8,9.882181985
0-20,2020-04-14,6221.1,131291.1,4.738401918
21-40,2020-04-14,43108.7,131291.1,32.83444194
41-60,2020-04-14,43330.3,131291.1,33.00322718
61-80,2020-04-14,25421.8,131291.1,19.36292711
80+,2020-04-14,13209.2,131291.1,10.06100185
0-20,2020-04-15,6381.4,134615.4,4.74046803
21-40,2020-04-15,44121.6,134615.4,32.77604197
41-60,2020-04-15,44260.5,134615.4,32.87922481
61-80,2020-04-15,26047.2,134615.4,19.34934636
80+,2020-04-15,13804.7,134615.4,10.25491883
0-20,2020-04-16,6569.7,138032.7,4.759524374
21-40,2020-04-16,45309.7,138032.7,32.82533776
41-60,2020-04-16,45235.2,138032.7,32.77136505
61-80,2020-04-16,26655.2,138032.7,19.3107865
80+,2020-04-16,14262.9,138032.7,10.33298631
0-20,2020-04-17,6766.3,141080.1,4.79606975
21-40,2020-04-17,46354.3,141080.1,32.85672466
41-60,2020-04-17,46054.6,141080.1,32.64429214
61-80,2020-04-17,27189.4,141080.1,19.2723141
80+,2020-04-17,14715.5,141080.1,10.43059935
0-20,2020-04-18,6896.8,143188,4.816604743
21-40,2020-04-18,47056.4,143188,32.86336844
41-60,2020-04-18,46601.1,143188,32.54539487
61-80,2020-04-18,27591.3,143188,19.26928234
80+,2020-04-18,15042.4,143188,10.50534961
0-20,2020-04-19,6958.5,144565.3,4.813395746
21-40,2020-04-19,47496.2,144565.3,32.85449551
41-60,2020-04-19,46938.8,144565.3,32.46892581
61-80,2020-04-19,27849.8,144565.3,19.2645123
80+,2020-04-19,15322,144565.3,10.59867064
0-20,2020-04-20,7038.6,146284.4,4.811586198
21-40,2020-04-20,48052,146284.4,32.848342
41-60,2020-04-20,47370.6,146284.4,32.38253703
61-80,2020-04-20,28167,146284.4,19.25495815
80+,2020-04-20,15656.2,146284.4,10.70257662
0-20,2020-04-21,7204.2,148478.4,4.85201888
21-40,2020-04-21,48737.1,148478.4,32.82437041
41-60,2020-04-21,47951.2,148478.4,32.29506783
61-80,2020-04-21,28567.4,148478.4,19.24010496
80+,2020-04-21,16018.5,148478.4,10.78843791
0-20,2020-04-22,7351.8,150971.5,4.86966083
21-40,2020-04-22,49641.7,150971.5,32.88150412
41-60,2020-04-22,48575.4,150971.5,32.17521188
61-80,2020-04-22,28985.7,150971.5,19.19945155
80+,2020-04-22,16416.9,150971.5,10.87417162
0-20,2020-04-23,7509.5,153053.7,4.906447868
21-40,2020-04-23,50293.4,153053.7,32.85997006
41-60,2020-04-23,49102.7,153053.7,32.08200782
61-80,2020-04-23,29345.8,153053.7,19.1735319
80+,2020-04-23,16802.3,153053.7,10.97804235
0-20,2020-04-24,7654,154956.7,4.939444374
21-40,2020-04-24,51005.4,154956.7,32.91590489
41-60,2020-04-24,49538.2,154956.7,31.96905974
61-80,2020-04-24,29690.8,154956.7,19.16070748
80+,2020-04-24,17068.3,154956.7,11.01488351
0-20,2020-04-25,7735.9,156230.4,4.951597128
21-40,2020-04-25,51434,156230.4,32.92188972
41-60,2020-04-25,49847.7,156230.4,31.90653036
61-80,2020-04-25,29921.9,156230.4,19.15241848
80+,2020-04-25,17290.9,156230.4,11.06756432
0-20,2020-04-26,7769.9,156934.4,4.951049611
21-40,2020-04-26,51716.7,156934.4,32.95434271
41-60,2020-04-26,49993,156934.4,31.85598569
61-80,2020-04-26,30039.9,156934.4,19.14169232
80+,2020-04-26,17414.9,156934.4,11.09692967
0-20,2020-04-27,7860.9,158050.6,4.973660334
21-40,2020-04-27,52111.3,158050.6,32.97127629
41-60,2020-04-27,50257.3,158050.6,31.79823424
61-80,2020-04-27,30259.8,158050.6,19.1456407
80+,2020-04-27,17561.3,158050.6,11.11118844
0-20,2020-04-28,7959.5,159520.7,4.989634574
21-40,2020-04-28,52655.6,159520.7,33.00863148
41-60,2020-04-28,50617.4,159520.7,31.73092896
61-80,2020-04-28,30506.9,159520.7,19.12410114
80+,2020-04-28,17781.3,159520.7,11.14670384
0-20,2020-04-29,8070.2,160956.8,5.013891926
21-40,2020-04-29,53146.6,160956.8,33.01917036
41-60,2020-04-29,50986.8,160956.8,31.67731963
61-80,2020-04-29,30757.9,160956.8,19.10941321
80+,2020-04-29,17995.3,160956.8,11.18020487
0-20,2020-04-30,8169.5,162413.5,5.030062156
21-40,2020-04-30,53648.5,162413.5,33.03204475
41-60,2020-04-30,51361.6,162413.5,31.62397215
61-80,2020-04-30,31012.8,162413.5,19.0949644
80+,2020-04-30,18221.1,162413.5,11.21895655
0-20,2020-05-01,8247.2,163328.5,5.049455545
21-40,2020-05-01,53935.2,163328.5,33.02252822
41-60,2020-05-01,51590.2,163328.5,31.58677145
61-80,2020-05-01,31182.9,163328.5,19.0921364
80+,2020-05-01,18373,163328.5,11.24910839
0-20,2020-05-02,8327.4,163949.1,5.079259355
21-40,2020-05-02,54138.7,163949.1,33.02165123
41-60,2020-05-02,51748.4,163949.1,31.56369873
61-80,2020-05-02,31280.9,163949.1,19.07964118
80+,2020-05-02,18453.7,163949.1,11.2557495
0-20,2020-05-03,8365.5,164376.2,5.089240413
21-40,2020-05-03,54341.2,164376.2,33.05904383
41-60,2020-05-03,51851.8,164376.2,31.54459101
61-80,2020-05-03,31335.8,164376.2,19.06346539
80+,2020-05-03,18481.9,164376.2,11.24365936
0-20,2020-05-04,8422.7,165098.4,5.101624243
21-40,2020-05-04,54639.4,165098.4,33.09505119
41-60,2020-05-04,52002.2,165098.4,31.49770077
61-80,2020-05-04,31451,165098.4,19.04985148
80+,2020-05-04,18583.1,165098.4,11.25577232
0-20,2020-05-05,8516.1,166187.7,5.124386462
21-40,2020-05-05,55035.7,166187.7,33.11659046
41-60,2020-05-05,52287.5,166187.7,31.46291813
61-80,2020-05-05,31638,166187.7,19.03751
80+,2020-05-05,18710.4,166187.7,11.25859495
0-20,2020-05-06,8618,167398.4,5.148197354
21-40,2020-05-06,55460.3,167398.4,33.13072287
41-60,2020-05-06,52606.9,167398.4,31.42616656
61-80,2020-05-06,31836,167398.4,19.01810292
80+,2020-05-06,18877.2,167398.4,11.27681029
0-20,2020-05-07,8719.3,168595.5,5.171727597
21-40,2020-05-07,55887.5,168595.5,33.14886815
41-60,2020-05-07,52936.5,168595.5,31.39852487
61-80,2020-05-07,32035,168595.5,19.00110027
80+,2020-05-07,19017.2,168595.5,11.27977912
0-20,2020-05-08,8829.7,169579.2,5.206829611
21-40,2020-05-08,56207.9,169579.2,33.14551549
41-60,2020-05-08,53217.7,169579.2,31.38220961
61-80,2020-05-08,32184,169579.2,18.97874268
80+,2020-05-08,19139.9,169579.2,11.28670261
0-20,2020-05-09,8878,170257.1,5.214466827
21-40,2020-05-09,56460.5,170257.1,33.16190632
41-60,2020-05-09,53402.8,170257.1,31.36597534
61-80,2020-05-09,32299,170257.1,18.97072134
80+,2020-05-09,19216.8,170257.1,11.28693018
0-20,2020-05-10,8908.6,170599.5,5.221937931
21-40,2020-05-10,56589.2,170599.5,33.17078889
41-60,2020-05-10,53496.6,170599.5,31.35800515
61-80,2020-05-10,32355,170599.5,18.96547176
80+,2020-05-10,19250.1,170599.5,11.28379626
0-20,2020-05-11,8982.8,171282.3,5.244441486
21-40,2020-05-11,56846,171282.3,33.18848474
41-60,2020-05-11,53683.5,171282.3,31.34211766
61-80,2020-05-11,32445,171282.3,18.94241261
80+,2020-05-11,19325,171282.3,11.2825435
0-20,2020-05-12,9073.2,172123.4,5.271334403
21-40,2020-05-12,57110.1,172123.4,33.17974198
41-60,2020-05-12,53932,172123.4,31.33333411
61-80,2020-05-12,32587.9,172123.4,18.93287025
80+,2020-05-12,19420.2,172123.4,11.28271926
0-20,2020-05-13,9154.6,173026.5,5.29086585
21-40,2020-05-13,57439.7,173026.5,33.19705363
41-60,2020-05-13,54178.1,173026.5,31.31202446
61-80,2020-05-13,32715.9,173026.5,18.90802854
80+,2020-05-13,19538.2,173026.5,11.29202752
0-20,2020-05-14,9229.5,173830.3,5.309488622
21-40,2020-05-14,57681.1,173830.3,33.18241987
41-60,2020-05-14,54437.7,173830.3,31.31657714
61-80,2020-05-14,32835,173830.3,18.88911197
80+,2020-05-14,19647,173830.3,11.3024024
0-20,2020-05-15,9312.5,174542.3,5.335382884
21-40,2020-05-15,57931.7,174542.3,33.19063631
41-60,2020-05-15,54617.1,174542.3,31.29161241
61-80,2020-05-15,32941.9,174542.3,18.87330464
80+,2020-05-15,19739.1,174542.3,11.30906376
0-20,2020-05-16,9368.9,175004.9,5.353507245
21-40,2020-05-16,58115.6,175004.9,33.20798446
41-60,2020-05-16,54718.8,175004.9,31.26701024
61-80,2020-05-16,33001.9,175004.9,18.85770056
80+,2020-05-16,19799.7,175004.9,11.3137975
0-20,2020-05-17,9425.6,175320.2,5.376220196
21-40,2020-05-17,58246.5,175320.2,33.22292582
41-60,2020-05-17,54797,175320.2,31.25538301
61-80,2020-05-17,33037.1,175320.2,18.84386397
80+,2020-05-17,19814,175320.2,11.301607
0-20,2020-05-18,9504.7,175864.5,5.404558623
21-40,2020-05-18,58475.8,175864.5,33.25048546
41-60,2020-05-18,54923.7,175864.5,31.23069181
61-80,2020-05-18,33100.1,175864.5,18.82136531
80+,2020-05-18,19860.2,175864.5,11.29289879
0-20,2020-05-19,9568.3,176592,5.41830887
21-40,2020-05-19,58773.7,176592,33.28219851
41-60,2020-05-19,55095.9,176592,31.19954471
61-80,2020-05-19,33192.1,176592,18.79592507
80+,2020-05-19,19962,176592,11.30402283
0-20,2020-05-20,9674.5,177422.1,5.45281563
21-40,2020-05-20,59068.6,177422.1,33.29269578
41-60,2020-05-20,55328.9,177422.1,31.18489748
61-80,2020-05-20,33321.1,177422.1,18.78069305
80+,2020-05-20,20029,177422.1,11.28889806
0-20,2020-05-21,9743.9,177840.1,5.47902301
21-40,2020-05-21,59207.1,177840.1,33.29232271
41-60,2020-05-21,55445,177840.1,31.17688305
61-80,2020-05-21,33370.1,177840.1,18.76410326
80+,2020-05-21,20074,177840.1,11.28766797
0-20,2020-05-22,9806.2,178367.1,5.49776276
21-40,2020-05-22,59422.1,178367.1,33.31449578
41-60,2020-05-22,55567.4,178367.1,31.15339096
61-80,2020-05-22,33443.3,178367.1,18.74970216
80+,2020-05-22,20128.1,178367.1,11.28464835
0-20,2020-05-23,9845.4,178706.2,5.509266047
21-40,2020-05-23,59528.7,178706.2,33.31093157
41-60,2020-05-23,55657.8,178706.2,31.14486235
61-80,2020-05-23,33506.2,178706.2,18.74932151
80+,2020-05-23,20168.1,178706.2,11.28561852
0-20,2020-05-24,9864.6,178931.1,5.513071791
21-40,2020-05-24,59634.5,178931.1,33.32819169
41-60,2020-05-24,55700.7,178931.1,31.12969182
61-80,2020-05-24,33535.2,178931.1,18.74196269
80+,2020-05-24,20196.1,178931.1,11.28708201
0-20,2020-05-25,9915.7,179342.2,5.52892738
21-40,2020-05-25,59772.1,179342.2,33.32851944
41-60,2020-05-25,55815.1,179342.2,31.12212296
61-80,2020-05-25,33600.2,179342.2,18.73524469
80+,2020-05-25,20239.1,179342.2,11.28518553
0-20,2020-05-26,10012.8,179957,5.563995843
21-40,2020-05-26,59952.6,179957,33.31495857
41-60,2020-05-26,56016.4,179957,31.12765827
61-80,2020-05-26,33693.2,179957,18.72291714
80+,2020-05-26,20282,179957,11.27047017
0-20,2020-05-27,10091.5,180603.2,5.587664006
21-40,2020-05-27,60205.6,180603.2,33.33584344
41-60,2020-05-27,56186.7,180603.2,31.11057833
61-80,2020-05-27,33793.2,180603.2,18.71129637
80+,2020-05-27,20326.2,180603.2,11.25461786
0-20,2020-05-28,10164.1,181128.3,5.611547174
21-40,2020-05-28,60390.9,181128.3,33.34150434
41-60,2020-05-28,56328.5,181128.3,31.09867425
61-80,2020-05-28,33861.5,181128.3,18.69475946
80+,2020-05-28,20383.3,181128.3,11.25351477
0-20,2020-05-29,10245.5,181575.3,5.642562617
21-40,2020-05-29,60510.7,181575.3,33.32540274
41-60,2020-05-29,56471.2,181575.3,31.10070588
61-80,2020-05-29,33915.6,181575.3,18.67853172
80+,2020-05-29,20432.3,181575.3,11.25279705
0-20,2020-05-30,10327.1,181949,5.675821247
21-40,2020-05-30,60652.7,181949,33.33500047
41-60,2020-05-30,56567.5,181949,31.08975592
61-80,2020-05-30,33946.6,181949,18.65720614
80+,2020-05-30,20455.1,181949,11.24221623
0-20,2020-05-31,10365.7,182127.2,5.691461792
21-40,2020-05-31,60723.3,182127.2,33.34114838
41-60,2020-05-31,56599.4,182127.2,31.07685178
61-80,2020-05-31,33972.6,182127.2,18.65322698
80+,2020-05-31,20466.2,182127.2,11.23731107
0-20,2020-06-01,10392.1,182265,5.701643212
21-40,2020-06-01,60774,182265,33.34375772
41-60,2020-06-01,56619.1,182265,31.06416481
61-80,2020-06-01,33997.6,182265,18.65284064
80+,2020-06-01,20482.2,182265,11.23759361
0-20,2020-06-02,10446.9,182567,5.722228004
21-40,2020-06-02,60899.2,182567,33.35717846
41-60,2020-06-02,56675.1,182567,31.04345254
61-80,2020-06-02,34038.6,182567,18.64444286
80+,2020-06-02,20507.2,182567,11.23269813
0-20,2020-06-03,10522.3,183061.2,5.747968439
21-40,2020-06-03,61100.3,183061.2,33.37697994
41-60,2020-06-03,56812.7,183061.2,31.0348124
61-80,2020-06-03,34087.6,183061.2,18.62087652
80+,2020-06-03,20538.3,183061.2,11.2193627
0-20,2020-06-04,10650.1,183586.2,5.801144095
21-40,2020-06-04,61264.1,183586.2,33.37075445
41-60,2020-06-04,56968.5,183586.2,31.03092716
61-80,2020-06-04,34138,183586.2,18.59507959
80+,2020-06-04,20565.5,183586.2,11.20209471
0-20,2020-06-05,10727.9,184028.2,5.829487003
21-40,2020-06-05,61425.3,184028.2,33.37819965
41-60,2020-06-05,57084.3,184028.2,31.01932204
61-80,2020-06-05,34190.1,184028.2,18.57872869
80+,2020-06-05,20600.6,184028.2,11.19426262
0-20,2020-06-06,10777.7,184311,5.847562001
21-40,2020-06-06,61535.9,184311,33.38699264
41-60,2020-06-06,57152.5,184311,31.00872981
61-80,2020-06-06,34224.3,184311,18.56877777
80+,2020-06-06,20620.6,184311,11.18793778
0-20,2020-06-07,10812.4,184475.1,5.861170424
21-40,2020-06-07,61592.7,184475.1,33.38808327
41-60,2020-06-07,57189,184475.1,31.00093183
61-80,2020-06-07,34245.3,184475.1,18.56364355
80+,2020-06-07,20635.7,184475.1,11.18617092
0-20,2020-06-08,10879.1,184772,5.887850973
21-40,2020-06-08,61706,184772,33.3957526
41-60,2020-06-08,57261.1,184772,30.9901392
61-80,2020-06-08,34275.2,184772,18.54999675
80+,2020-06-08,20650.6,184772,11.17626047
0-20,2020-06-09,10954.5,185198.1,5.915017487
21-40,2020-06-09,61880.7,185198.1,33.41324776
41-60,2020-06-09,57366,185198.1,30.97547977
61-80,2020-06-09,34321.2,185198.1,18.53215557
80+,2020-06-09,20675.7,185198.1,11.16409942
0-20,2020-06-10,11060.8,185718.3,5.95568665
21-40,2020-06-10,62063.9,185718.3,33.41830073
41-60,2020-06-10,57511.6,185718.3,30.96711525
61-80,2020-06-10,34377.3,185718.3,18.51045374
80+,2020-06-10,20704.7,185718.3,11.14844364
0-20,2020-06-11,11140.1,185995.3,5.989452422
21-40,2020-06-11,62118.7,185995.3,33.39799447
41-60,2020-06-11,57605.4,185995.3,30.97142777
61-80,2020-06-11,34405.3,185995.3,18.49794054
80+,2020-06-11,20725.8,185995.3,11.1431848
0-20,2020-06-12,11217.4,186342,6.019791566
21-40,2020-06-12,62235.2,186342,33.39837503
41-60,2020-06-12,57689.5,186342,30.95893572
61-80,2020-06-12,34433.2,186342,18.47849653
80+,2020-06-12,20766.7,186342,11.14440115
0-20,2020-06-13,11313.6,186640.8,6.061697121
21-40,2020-06-13,62323.9,186640.8,33.39243081
41-60,2020-06-13,57770.5,186640.8,30.95277131
61-80,2020-06-13,34450.2,186640.8,18.45802204
80+,2020-06-13,20782.6,186640.8,11.13507872
0-20,2020-06-14,11334.1,186813,6.067083126
21-40,2020-06-14,62408.3,186813,33.40682929
41-60,2020-06-14,57803.8,186813,30.94206506
61-80,2020-06-14,34469.2,186813,18.45117845
80+,2020-06-14,20797.6,186813,11.13284407
0-20,2020-06-15,11373.3,187072.2,6.079631287
21-40,2020-06-15,62510.1,187072.2,33.41495957
41-60,2020-06-15,57875.9,187072.2,30.9377342
61-80,2020-06-15,34497.2,187072.2,18.4405807
80+,2020-06-15,20815.7,187072.2,11.12709424
0-20,2020-06-16,11480.9,187611.3,6.119514123
21-40,2020-06-16,62719.2,187611.3,33.43039572
41-60,2020-06-16,58028.2,187611.3,30.93001328
61-80,2020-06-16,34540.2,187611.3,18.41051152
80+,2020-06-16,20842.8,187611.3,11.10956536
0-20,2020-06-17,11616.7,188587.2,6.159856024
21-40,2020-06-17,63095.8,188587.2,33.45709571
41-60,2020-06-17,58390.8,188587.2,30.96222861
61-80,2020-06-17,34607.2,188587.2,18.35076824
80+,2020-06-17,20876.7,188587.2,11.07005141
0-20,2020-06-18,11770.1,189222.1,6.220256513
21-40,2020-06-18,63305.2,189222.1,33.45550018
41-60,2020-06-18,58588.7,189222.1,30.96292663
61-80,2020-06-18,34660.3,189222.1,18.31725787
80+,2020-06-18,20897.8,189222.1,11.04405881
0-20,2020-06-19,11971.8,190115.1,6.297132632
21-40,2020-06-19,63618.5,190115.1,33.46314943
41-60,2020-06-19,58882.5,190115.1,30.97202695
61-80,2020-06-19,34724.5,190115.1,18.26498789
80+,2020-06-19,20917.8,190115.1,11.0027031
0-20,2020-06-20,12079.3,190641.9,6.336120234
21-40,2020-06-20,63816.6,190641.9,33.47459294
41-60,2020-06-20,59048.8,190641.9,30.97367368
61-80,2020-06-20,34764.4,190641.9,18.23544562
80+,2020-06-20,20932.8,190641.9,10.98016753
0-20,2020-06-21,12124.4,190898.1,6.351241841
21-40,2020-06-21,63923.4,190898.1,33.48561353
41-60,2020-06-21,59129,190898.1,30.97411656
61-80,2020-06-21,34779.4,190898.1,18.21882984
80+,2020-06-21,20941.9,190898.1,10.97019824
0-20,2020-06-22,12221,191382.2,6.38565133
21-40,2020-06-22,64085,191382.2,33.48535026
41-60,2020-06-22,59309.2,191382.2,30.98992487
61-80,2020-06-22,34810.9,191382.2,18.18920464
80+,2020-06-22,20956.1,191382.2,10.9498689
0-20,2020-06-23,12317,191923.1,6.417674579
21-40,2020-06-23,64258.8,191923.1,33.48153505
41-60,2020-06-23,59507,191923.1,31.00564757
61-80,2020-06-23,34866.2,191923.1,18.16675533
80+,2020-06-23,20974.1,191923.1,10.92838746
0-20,2020-06-24,12395.7,192424.2,6.441861263
21-40,2020-06-24,64471.1,192424.2,33.50467353
41-60,2020-06-24,59656,192424.2,31.00233754
61-80,2020-06-24,34909.2,192424.2,18.14179298
80+,2020-06-24,20992.2,192424.2,10.90933469
0-20,2020-06-25,12487.3,192988,6.470505938
21-40,2020-06-25,64677.1,192988,33.51353452
41-60,2020-06-25,59840,192988,31.00710925
61-80,2020-06-25,34964.3,192988,18.11734408
80+,2020-06-25,21019.3,192988,10.89150621
0-20,2020-06-26,12623.7,193560,6.521853689
21-40,2020-06-26,64883.6,193560,33.52118206
41-60,2020-06-26,60001.2,193560,30.99876007
61-80,2020-06-26,35012.3,193560,18.08860302
80+,2020-06-26,21039.2,193560,10.86960116
0-20,2020-06-27,12681,193892.1,6.540235523
21-40,2020-06-27,65035.5,193892.1,33.54210925
41-60,2020-06-27,60086.7,193892.1,30.98976183
61-80,2020-06-27,35043.5,193892.1,18.07371213
80+,2020-06-27,21045.4,193892.1,10.85418127
0-20,2020-06-28,12737.4,194092.1,6.562554581
21-40,2020-06-28,65102.7,194092.1,33.5421689
41-60,2020-06-28,60148.6,194092.1,30.98972086
61-80,2020-06-28,35049.9,194092.1,18.05838568
80+,2020-06-28,21053.5,194092.1,10.84716998
0-20,2020-06-29,12813.5,194509.1,6.587609526
21-40,2020-06-29,65267,194509.1,33.55472829
41-60,2020-06-29,60269.3,194509.1,30.98533693
61-80,2020-06-29,35091.8,194509.1,18.04121247
80+,2020-06-29,21067.5,194509.1,10.83111279
0-20,2020-06-30,12898.6,194968,6.615752329
21-40,2020-06-30,65456.1,194968,33.57274014
41-60,2020-06-30,60384,194968,30.97123631
61-80,2020-06-30,35143.8,194968,18.02541956
80+,2020-06-30,21085.5,194968,10.81485167
0-20,2020-07-01,13001.7,195451,6.652153225
21-40,2020-07-01,65639.7,195451,33.58371152
41-60,2020-07-01,60516.3,195451,30.96238955
61-80,2020-07-01,35185.8,195451,18.00236376
80+,2020-07-01,21107.5,195451,10.79938194
0-20,2020-07-02,13070.9,195921,6.67151556
21-40,2020-07-02,65863.5,195921,33.61737639
41-60,2020-07-02,60644.2,195921,30.95339448
61-80,2020-07-02,35222.8,195921,17.97806259
80+,2020-07-02,21119.6,195921,10.77965098
0-20,2020-07-03,13154,196346.8,6.699370705
21-40,2020-07-03,66038.1,196346.8,33.63339764
41-60,2020-07-03,60765.6,196346.8,30.94809796
61-80,2020-07-03,35256.7,196346.8,17.95634052
80+,2020-07-03,21132.4,196346.8,10.76279318
0-20,2020-07-04,13208.4,196640,6.717046379
21-40,2020-07-04,66163.1,196640,33.64681652
41-60,2020-07-04,60829.2,196640,30.93429618
61-80,2020-07-04,35290.8,196640,17.94690806
80+,2020-07-04,21148.5,196640,10.75493287
0-20,2020-07-05,13248.6,196783.1,6.732590349
21-40,2020-07-05,66213.3,196783.1,33.64785899
41-60,2020-07-05,60867.9,196783.1,30.93146718
61-80,2020-07-05,35299.8,196783.1,17.93843069
80+,2020-07-05,21153.5,196783.1,10.74965279
0-20,2020-07-06,13333.4,197098.1,6.764854659
21-40,2020-07-06,66318.3,197098.1,33.64735632
41-60,2020-07-06,60956.6,197098.1,30.92703583
61-80,2020-07-06,35328.1,197098.1,17.92412002
80+,2020-07-06,21161.7,197098.1,10.73663318
0-20,2020-07-07,13414.5,197487,6.792599007
21-40,2020-07-07,66457.2,197487,33.65143022
41-60,2020-07-07,61072.5,197487,30.92482037
61-80,2020-07-07,35369.1,197487,17.90958392
80+,2020-07-07,21173.7,197487,10.72156648
0-20,2020-07-08,13505.4,197937,6.823080071
21-40,2020-07-08,66622.5,197937,33.65843678
41-60,2020-07-08,61198.4,197937,30.91812041
61-80,2020-07-08,35421.1,197937,17.89513835
80+,2020-07-08,21189.6,197937,10.70522439
0-20,2020-07-09,13574.4,198363.1,6.843208238
21-40,2020-07-09,66814.4,198363.1,33.68287751
41-60,2020-07-09,61306.5,198363.1,30.90620181
61-80,2020-07-09,35467.1,198363.1,17.87988794
80+,2020-07-09,21200.7,198363.1,10.6878245
0-20,2020-07-10,13653.5,198787.9,6.868375791
21-40,2020-07-10,67022.7,198787.9,33.7156839
41-60,2020-07-10,61394.8,198787.9,30.88457597
61-80,2020-07-10,35505.2,198787.9,17.86084566
80+,2020-07-10,21211.7,198787.9,10.67051868
0-20,2020-07-11,13708.4,199065,6.886393891
21-40,2020-07-11,67154.2,199065,33.73481024
41-60,2020-07-11,61444.5,199065,30.86655113
61-80,2020-07-11,35539.2,199065,17.85306307
80+,2020-07-11,21218.7,199065,10.65918167
0-20,2020-07-12,13735.5,199196,6.895469789
21-40,2020-07-12,67203.7,199196,33.73747465
41-60,2020-07-12,61479.9,199196,30.86402337
61-80,2020-07-12,35551.2,199196,17.84734633
80+,2020-07-12,21225.7,199196,10.65568586
0-20,2020-07-13,13788.7,199523,6.910832335
21-40,2020-07-13,67346,199523,33.7535021
41-60,2020-07-13,61573,199523,30.86010134
61-80,2020-07-13,35582.4,199523,17.83373345
80+,2020-07-13,21232.9,199523,10.64183077
0-20,2020-07-14,13899.3,199980,6.950345035
21-40,2020-07-14,67501.4,199980,33.75407541
41-60,2020-07-14,61713.8,199980,30.859986
61-80,2020-07-14,35621.6,199980,17.81258126
80+,2020-07-14,21243.9,199980,10.6230123
0-20,2020-07-15,14012.6,200516.9,6.988238897
21-40,2020-07-15,67711.2,200516.9,33.76832576
41-60,2020-07-15,61853.7,200516.9,30.8471256
61-80,2020-07-15,35679.5,200516.9,17.79376202
80+,2020-07-15,21259.9,200516.9,10.60254772
0-20,2020-07-16,14118.1,201072.9,7.021383787
21-40,2020-07-16,67943.3,201072.9,33.7903815
41-60,2020-07-16,61996.1,201072.9,30.83264826
61-80,2020-07-16,35736.5,201072.9,17.77290724
80+,2020-07-16,21278.9,201072.9,10.58267922
0-20,2020-07-17,14222,201597,7.054668472
21-40,2020-07-17,68162.1,201597,33.81106862
41-60,2020-07-17,62140.2,201597,30.82397059
61-80,2020-07-17,35778.7,201597,17.74763513
80+,2020-07-17,21294,201597,10.56265718
0-20,2020-07-18,14304.5,202024,7.080594385
21-40,2020-07-18,68323.8,202024,33.81964519
41-60,2020-07-18,62268.7,202024,30.82242704
61-80,2020-07-18,35820.8,202024,17.73096266
80+,2020-07-18,21306.2,202024,10.54637073
0-20,2020-07-19,14357.9,202208.9,7.100528216
21-40,2020-07-19,68373.8,202208.9,33.81344738
41-60,2020-07-19,62326.3,202208.9,30.82272838
61-80,2020-07-19,35832.9,202208.9,17.72073336
80+,2020-07-19,21318,202208.9,10.54256267
0-20,2020-07-20,14438,202662.1,7.124173686
21-40,2020-07-20,68588.3,202662.1,33.84367378
41-60,2020-07-20,62432.5,202662.1,30.80620402
61-80,2020-07-20,35874.1,202662.1,17.70143505
80+,2020-07-20,21329.2,202662.1,10.52451346
0-20,2020-07-21,14517.1,203180.2,7.144938336
21-40,2020-07-21,68796.9,203180.2,33.86004148
41-60,2020-07-21,62588.9,203180.2,30.80462565
61-80,2020-07-21,35938,203180.2,17.68774713
80+,2020-07-21,21339.3,203180.2,10.5026474
0-20,2020-07-22,14650.4,203875,7.185971796
21-40,2020-07-22,69055.2,203875,33.87134273
41-60,2020-07-22,62812.9,203875,30.80951563
61-80,2020-07-22,35996.2,203875,17.65601471
80+,2020-07-22,21360.3,203875,10.47715512
0-20,2020-07-23,14815.5,204570.1,7.242260721
21-40,2020-07-23,69296.2,204570.1,33.87406077
41-60,2020-07-23,63015.9,204570.1,30.80406179
61-80,2020-07-23,36061.2,204570.1,17.62779605
80+,2020-07-23,21381.3,204570.1,10.45182067
0-20,2020-07-24,14985.6,205374,7.296736685
21-40,2020-07-24,69615.8,205374,33.89708532
41-60,2020-07-24,63247.3,205374,30.79615725
61-80,2020-07-24,36126.1,205374,17.59039606
80+,2020-07-24,21399.2,205374,10.41962468
0-20,2020-07-25,15072.2,205919,7.31947999
21-40,2020-07-25,69829,205919,33.91090672
41-60,2020-07-25,63423.3,205919,30.80012044
61-80,2020-07-25,36176.7,205919,17.56841282
80+,2020-07-25,21417.8,205919,10.40108004
0-20,2020-07-26,15099,206130.1,7.324985531
21-40,2020-07-26,69920.1,206130.1,33.92037359
41-60,2020-07-26,63495.4,206130.1,30.80355562
61-80,2020-07-26,36192.7,206130.1,17.55818291
80+,2020-07-26,21422.9,206130.1,10.39290235
0-20,2020-07-27,15206,206651,7.358299742
21-40,2020-07-27,70118.3,206651,33.93078185
41-60,2020-07-27,63643.1,206651,30.79738303
61-80,2020-07-27,36235.8,206651,17.53478086
80+,2020-07-27,21447.8,206651,10.37875452
0-20,2020-07-28,15367.5,207398.2,7.409659293
21-40,2020-07-28,70371.3,207398.2,33.93052592
41-60,2020-07-28,63883.3,207398.2,30.80224419
61-80,2020-07-28,36303.1,207398.2,17.50405741
80+,2020-07-28,21473,207398.2,10.35351319
0-20,2020-07-29,15519.9,208305.2,7.450558123
21-40,2020-07-29,70760.9,208305.2,33.96981928
41-60,2020-07-29,64145.1,208305.2,30.7938064
61-80,2020-07-29,36381.2,208305.2,17.46533452
80+,2020-07-29,21498.1,208305.2,10.32048168
0-20,2020-07-30,15703.3,209158.2,7.507857689
21-40,2020-07-30,71089.7,209158.2,33.98848336
41-60,2020-07-30,64391,209158.2,30.78578798
61-80,2020-07-30,36451.2,209158.2,17.42757396
80+,2020-07-30,21523,209158.2,10.29029701
0-20,2020-07-31,15874.3,210076.1,7.556452162
21-40,2020-07-31,71462.4,210076.1,34.01738703
41-60,2020-07-31,64655,210076.1,30.77694226
61-80,2020-07-31,36523.3,210076.1,17.38574736
80+,2020-07-31,21561.1,210076.1,10.26347119
0-20,2020-08-01,15994.6,210638,7.593406698
21-40,2020-08-01,71684.3,210638,34.03198853
41-60,2020-08-01,64822.8,210638,30.77450413
61-80,2020-08-01,36561.2,210638,17.35736192
80+,2020-08-01,21575.1,210638,10.24273873
0-20,2020-08-02,16042,210939.1,7.605038611
21-40,2020-08-02,71812.8,210939.1,34.04432843
41-60,2020-08-02,64901.6,210939.1,30.76793255
61-80,2020-08-02,36590.4,210939.1,17.34642842
80+,2020-08-02,21592.3,210939.1,10.23627199
0-20,2020-08-03,16189.6,211733,7.6462337
21-40,2020-08-03,72148.1,211733,34.0750379
41-60,2020-08-03,65125.3,211733,30.75821908
61-80,2020-08-03,36652,211733,17.31048065
80+,2020-08-03,21618,211733,10.21002867
0-20,2020-08-04,16360,212675.1,7.692484922
21-40,2020-08-04,72520.5,212675.1,34.09919638
41-60,2020-08-04,65401.3,212675.1,30.75174292
61-80,2020-08-04,36749.1,212675.1,17.27945585
80+,2020-08-04,21644.2,212675.1,10.17711994
0-20,2020-08-05,16610.8,213786.1,7.769822266
21-40,2020-08-05,72967,213786.1,34.13084387
41-60,2020-08-05,65708.5,213786.1,30.73562781
61-80,2020-08-05,36837.1,213786.1,17.2308209
80+,2020-08-05,21662.7,213786.1,10.13288516
0-20,2020-08-06,16868.4,214953.2,7.847475637
21-40,2020-08-06,73415.3,214953.2,34.15408563
41-60,2020-08-06,66039.1,214953.2,30.72254798
61-80,2020-08-06,36937.4,214953.2,17.18392655
80+,2020-08-06,21693,214953.2,10.0919642
0-20,2020-08-07,17120.3,215954.1,7.927749462
21-40,2020-08-07,73791.4,215954.1,34.1699463
41-60,2020-08-07,66334.1,215954.1,30.71675879
61-80,2020-08-07,37000,215954.1,17.13327045
80+,2020-08-07,21708.3,215954.1,10.052275
0-20,2020-08-08,17300.6,216658.9,7.985178546
21-40,2020-08-08,74059.5,216658.9,34.182533
41-60,2020-08-08,66522.5,216658.9,30.70379292
61-80,2020-08-08,37050.1,216658.9,17.10065915
80+,2020-08-08,21726.2,216658.9,10.02783638
0-20,2020-08-09,17380.7,216977.2,8.010380814
21-40,2020-08-09,74197,216977.2,34.19575882
41-60,2020-08-09,66599.7,216977.2,30.69433102
61-80,2020-08-09,37065.3,216977.2,17.08257826
80+,2020-08-09,21734.5,216977.2,10.01695109
0-20,2020-08-10,17632.6,218067.2,8.085856103
21-40,2020-08-10,74639.5,218067.2,34.22775181
41-60,2020-08-10,66906.9,218067.2,30.68178066
61-80,2020-08-10,37125.6,218067.2,17.02484372
80+,2020-08-10,21762.6,218067.2,9.979767705
0-20,2020-08-11,17916,219252,8.171419189
21-40,2020-08-11,75146.9,219252,34.27421415
41-60,2020-08-11,67212.6,219252,30.65541021
61-80,2020-08-11,37193.8,219252,16.96395016
80+,2020-08-11,21782.7,219252,9.935006294
0-20,2020-08-12,18335.7,220791.2,8.304542935
21-40,2020-08-12,75752.8,220791.2,34.30970075
41-60,2020-08-12,67596.4,220791.2,30.61553178
61-80,2020-08-12,37291.3,220791.2,16.88984887
80+,2020-08-12,21815,220791.2,9.880375667
0-20,2020-08-13,18696.9,222277.1,8.411527773
21-40,2020-08-13,76421.9,222277.1,34.38136452
41-60,2020-08-13,67958.7,222277.1,30.57386478
61-80,2020-08-13,37362.5,222277.1,16.80897402
80+,2020-08-13,21837.1,222277.1,9.824268897
0-20,2020-08-14,19011,223641.2,8.500669823
21-40,2020-08-14,77046.6,223641.2,34.45098667
41-60,2020-08-14,68276.1,223641.2,30.52930319
61-80,2020-08-14,37442.4,223641.2,16.74217452
80+,2020-08-14,21865.1,223641.2,9.776865801
0-20,2020-08-15,19217.1,224390.1,8.564147884
21-40,2020-08-15,77331.2,224390.1,34.46283949
41-60,2020-08-15,68461.9,224390.1,30.51021413
61-80,2020-08-15,37492.7,224390.1,16.70871398
80+,2020-08-15,21887.2,224390.1,9.754084516
0-20,2020-08-16,19331.4,224882,8.596241584
21-40,2020-08-16,77536.1,224882,34.47857098
41-60,2020-08-16,68599.7,224882,30.5047536
61-80,2020-08-16,37516.6,224882,16.68279364
80+,2020-08-16,21898.2,224882,9.737640185
0-20,2020-08-17,19682,226429,8.692349478
21-40,2020-08-17,78286.8,226429,34.57454655
41-60,2020-08-17,68950.3,226429,30.45117896
61-80,2020-08-17,37596.4,226429,16.6040569
80+,2020-08-17,21913.5,226429,9.677868118
0-20,2020-08-18,20012.2,227953.1,8.779086575
21-40,2020-08-18,79043.1,227953.1,34.67515906
41-60,2020-08-18,69285.2,227953.1,30.39449782
61-80,2020-08-18,37684.8,227953.1,16.53182168
80+,2020-08-18,21927.8,227953.1,9.619434875
0-20,2020-08-19,20373.6,229692.9,8.869930242
21-40,2020-08-19,79932.3,229692.9,34.799639
41-60,2020-08-19,69661.9,229692.9,30.32827745
61-80,2020-08-19,37779.2,229692.9,16.44770039
80+,2020-08-19,21945.9,229692.9,9.554452924
0-20,2020-08-20,20686.3,231306.1,8.943257441
21-40,2020-08-20,80775,231306.1,34.92125802
41-60,2020-08-20,70004.9,231306.1,30.26504705
61-80,2020-08-20,37874.6,231306.1,16.3742331
80+,2020-08-20,21965.3,231306.1,9.49620438
0-20,2020-08-21,21047.1,232963,9.034524796
21-40,2020-08-21,81556.2,232963,35.00822019
41-60,2020-08-21,70414,232963,30.2254006
61-80,2020-08-21,37956.8,232963,16.29305941
80+,2020-08-21,21988.9,232963,9.438795002
0-20,2020-08-22,21224.4,233859.9,9.075690189
21-40,2020-08-22,82013.2,233859.9,35.06937273
41-60,2020-08-22,70610.9,233859.9,30.19367579
61-80,2020-08-22,38009.7,233859.9,16.25319262
80+,2020-08-22,22001.7,233859.9,9.408068677
0-20,2020-08-23,21347.6,234419,9.106599721
21-40,2020-08-23,82285.9,234419,35.10206084
41-60,2020-08-23,70739.8,234419,30.1766495
61-80,2020-08-23,38038.9,234419,16.22688434
80+,2020-08-23,22006.8,234419,9.387805596
0-20,2020-08-24,21644.1,235828,9.177917805
21-40,2020-08-24,82985.2,235828,35.18886646
41-60,2020-08-24,71057.4,235828,30.1310277
61-80,2020-08-24,38117.3,235828,16.16317825
80+,2020-08-24,22024,235828,9.339009787
0-20,2020-08-25,21938.4,237279.9,9.245789466
21-40,2020-08-25,83689.9,237279.9,35.27053914
41-60,2020-08-25,71376.8,237279.9,30.08126689
61-80,2020-08-25,38231.6,237279.9,16.11244779
80+,2020-08-25,22043.2,237279.9,9.289956714
0-20,2020-08-26,22267.8,238835.8,9.323476631
21-40,2020-08-26,84459,238835.8,35.362789
41-60,2020-08-26,71725.4,238835.8,30.03125997
61-80,2020-08-26,38321.2,238835.8,16.04499828
80+,2020-08-26,22062.4,238835.8,9.237476124
0-20,2020-08-27,22531.7,240251,9.37840009
21-40,2020-08-27,85169.7,240251,35.45029989
41-60,2020-08-27,72056.5,240251,29.99217485
61-80,2020-08-27,38420.1,240251,15.9916504
80+,2020-08-27,22073,240251,9.187474766
0-20,2020-08-28,22672.1,240922.2,9.410548301
21-40,2020-08-28,85545.3,240922.2,35.50743767
41-60,2020-08-28,72208,240922.2,29.97150117
61-80,2020-08-28,38467.3,240922.2,15.96668966
80+,2020-08-28,22029.5,240922.2,9.143823193
