Country,Date,Gender,Age_Group,Cases,Deaths,CFR,Dates
Spain,1/4/2020,b,0,398.4,0,0,34
Spain,1/4/2020,b,10,691.6,2.3,0.332562175,4/1/2020
Spain,1/4/2020,b,20,5720.9,13.8,0.241220787,4/1/2020
Spain,1/4/2020,b,30,10920.7,41.3,0.378180886,4/1/2020
Spain,1/4/2020,b,40,16813.7,112.4,0.668502471,4/1/2020
Spain,1/4/2020,b,50,20273.3,300.5,1.48224512,4/1/2020
Spain,1/4/2020,b,60,18576.2,855.6,4.605893563,4/1/2020
Spain,1/4/2020,b,70,18115.6,2697.4,14.88992912,4/1/2020
Spain,1/4/2020,b,80,14114.2,4309.9,30.53591419,4/1/2020
Spain,1/4/2020,b,90,4450.9,1609.9,36.17021277,4/1/2020
Spain,1/4/2020,b,100,162.4,59.9,36.88423645,4/1/2020
Spain,1/5/2020,b,0,718.6,3,0.41747843,5/1/2020
Spain,1/5/2020,b,10,1306.7,7.5,0.57396495,5/1/2020
Spain,1/5/2020,b,20,11887.5,33,0.277602524,5/1/2020
Spain,1/5/2020,b,30,20153.6,84,0.416798984,5/1/2020
Spain,1/5/2020,b,40,31455,262.4,0.834207598,5/1/2020
Spain,1/5/2020,b,50,38667.2,791.6,2.047213142,5/1/2020
Spain,1/5/2020,b,60,31829.1,2190.5,6.882067039,5/1/2020
Spain,1/5/2020,b,70,30771.1,6247.6,20.30346656,5/1/2020
Spain,1/5/2020,b,80,33991.9,10414.2,30.63729889,5/1/2020
Spain,1/5/2020,b,90,15078.9,4834.2,32.05936773,5/1/2020
Spain,1/5/2020,b,100,722.5,232,32.11072664,5/1/2020
Spain,2/4/2020,b,0,418,0,0,4/2/2020
Spain,2/4/2020,b,10,741.1,2.4,0.323842936,4/2/2020
Spain,2/4/2020,b,20,6098.3,14.4,0.236131381,4/2/2020
Spain,2/4/2020,b,30,11652.1,45.7,0.39220398,4/2/2020
Spain,2/4/2020,b,40,17917,115.5,0.64463917,4/2/2020
Spain,2/4/2020,b,50,21625.6,320.1,1.480190145,4/2/2020
Spain,2/4/2020,b,60,19862,931.5,4.689860034,4/2/2020
Spain,2/4/2020,b,70,19367.4,2979.9,15.38616438,4/2/2020
Spain,2/4/2020,b,80,15094.3,4681.6,31.01568142,4/2/2020
Spain,2/4/2020,b,90,4760.6,1775.5,37.29571903,4/2/2020
Spain,2/4/2020,b,100,173.7,68.3,39.32066782,4/2/2020
Spain,2/5/2020,b,0,731.4,2.9,0.396499863,5/2/2020
Spain,2/5/2020,b,10,1317.5,7.4,0.561669829,5/2/2020
Spain,2/5/2020,b,20,12018.7,32.4,0.269579905,5/2/2020
Spain,2/5/2020,b,30,20301.9,84,0.413754378,5/2/2020
Spain,2/5/2020,b,40,31617.5,268.3,0.848580691,5/2/2020
Spain,2/5/2020,b,50,38776.9,831.4,2.144059994,5/2/2020
Spain,2/5/2020,b,60,31853.6,2233.2,7.010824522,5/2/2020
Spain,2/5/2020,b,70,30745.9,6263.3,20.37117144,5/2/2020
Spain,2/5/2020,b,80,34135.5,10423.1,30.53448756,5/2/2020
Spain,2/5/2020,b,90,15233.6,4880.8,32.03970171,5/2/2020
Spain,2/5/2020,b,100,733.5,237.1,32.32447171,5/2/2020
Spain,3/4/2020,b,0,442.9,2.5,0.564461504,4/3/2020
Spain,3/4/2020,b,10,785.3,2.5,0.318349675,4/3/2020
Spain,3/4/2020,b,20,6462.3,15,0.232115501,4/3/2020
Spain,3/4/2020,b,30,12347.6,47.4,0.383880268,4/3/2020
Spain,3/4/2020,b,40,18986.4,124.7,0.65678591,4/3/2020
Spain,3/4/2020,b,50,22916.4,346.7,1.512890332,4/3/2020
Spain,3/4/2020,b,60,21047.6,1000.1,4.751610635,4/3/2020
Spain,3/4/2020,b,70,20523.5,3199.7,15.59042074,4/3/2020
Spain,3/4/2020,b,80,15995.2,5022.8,31.40192058,4/3/2020
Spain,3/4/2020,b,90,5044.8,1909,37.84094513,4/3/2020
Spain,3/4/2020,b,100,184,73.7,40.05434783,4/3/2020
Spain,3/5/2020,b,0,734.9,3,0.408218805,5/3/2020
Spain,3/5/2020,b,10,1325.1,7.4,0.558448419,5/3/2020
Spain,3/5/2020,b,20,12086.5,32.6,0.269722418,5/3/2020
Spain,3/5/2020,b,30,20420.9,84.4,0.413302058,5/3/2020
Spain,3/5/2020,b,40,31738.3,270.9,0.85354288,5/3/2020
Spain,3/5/2020,b,50,38927.7,837.8,2.152194967,5/3/2020
Spain,3/5/2020,b,60,31937.4,2247,7.035638468,5/3/2020
Spain,3/5/2020,b,70,30747,6305.9,20.50899275,5/3/2020
Spain,3/5/2020,b,80,34126,10489.2,30.73668171,5/3/2020
Spain,3/5/2020,b,90,15233.6,4911.2,32.23926058,5/3/2020
Spain,3/5/2020,b,100,733.6,238.7,32.53816794,5/3/2020
Spain,4/4/2020,b,0,427.2,3.9,0.912921348,4/4/2020
Spain,4/4/2020,b,10,726,2,0.275482094,4/4/2020
Spain,4/4/2020,b,20,6833.9,17.7,0.259002912,4/4/2020
Spain,4/4/2020,b,30,12940.4,49,0.378659083,4/4/2020
Spain,4/4/2020,b,40,19867,127.5,0.641767756,4/4/2020
Spain,4/4/2020,b,50,24579.8,360.9,1.468278831,4/4/2020
Spain,4/4/2020,b,60,22177.8,1120,5.05009514,4/4/2020
Spain,4/4/2020,b,70,21236.7,3546.3,16.69892215,4/4/2020
Spain,4/4/2020,b,80,16609.1,5276.3,31.76752503,4/4/2020
Spain,4/4/2020,b,90,5176.1,1849.1,35.7238075,4/4/2020
Spain,4/4/2020,b,100,185,65.3,35.2972973,4/4/2020
Spain,4/5/2020,b,0,740.4,3,0.405186386,5/4/2020
Spain,4/5/2020,b,10,1334.7,7.5,0.561924028,5/4/2020
Spain,4/5/2020,b,20,12178.6,32.8,0.269324881,5/4/2020
Spain,4/5/2020,b,30,20570.1,84.9,0.412734989,5/4/2020
Spain,4/5/2020,b,40,31936.3,272.7,0.853887269,5/4/2020
Spain,4/5/2020,b,50,39160.5,844.9,2.157531186,5/4/2020
Spain,4/5/2020,b,60,32132.1,2266.4,7.053382754,5/4/2020
Spain,4/5/2020,b,70,30950.5,6344.8,20.49983037,5/4/2020
Spain,4/5/2020,b,80,34287.2,10563.2,30.80799832,5/4/2020
Spain,4/5/2020,b,90,15301.3,4952.1,32.36391679,5/4/2020
Spain,4/5/2020,b,100,737.4,240.8,32.65527529,5/4/2020
Spain,5/4/2020,b,0,382.8,2.6,0.679205852,4/5/2020
Spain,5/4/2020,b,10,751.8,2.6,0.345836659,4/5/2020
Spain,5/4/2020,b,20,7087.7,15.9,0.224332294,4/5/2020
Spain,5/4/2020,b,30,13414.4,52.9,0.394352338,4/5/2020
Spain,5/4/2020,b,40,20549.5,132.2,0.643324655,4/5/2020
Spain,5/4/2020,b,50,25381.9,388.6,1.531012257,4/5/2020
Spain,5/4/2020,b,60,22864.6,1107.5,4.843732232,4/5/2020
Spain,5/4/2020,b,70,21895.4,3544.6,16.18878851,4/5/2020
Spain,5/4/2020,b,80,17142.7,5606.3,32.70371645,4/5/2020
Spain,5/4/2020,b,90,5368.1,2120.7,39.50559788,4/5/2020
Spain,5/4/2020,b,100,193,81.1,42.02072539,4/5/2020
Spain,5/5/2020,b,0,748,3,0.401069519,
Spain,5/5/2020,b,10,1349.1,7.5,0.555926173,
Spain,5/5/2020,b,20,12230.8,33,0.269810642,
Spain,5/5/2020,b,30,20662.7,85.5,0.413789098,
Spain,5/5/2020,b,40,32087.6,274.3,0.854847355,
Spain,5/5/2020,b,50,39318.4,850,2.161837715,
Spain,5/5/2020,b,60,32236.6,2287.7,7.096592072,
Spain,5/5/2020,b,70,31047.7,6405.8,20.63212412,
Spain,5/5/2020,b,80,34493.8,10669.3,30.93106587,
Spain,5/5/2020,b,90,15408,4998.3,32.43964174,
Spain,5/5/2020,b,100,742.3,242.7,32.6956756,
Spain,6/4/2020,b,0,393.7,2.8,0.711201422,
Spain,6/4/2020,b,10,779.5,2.8,0.359204618,
Spain,6/4/2020,b,20,7339.2,19.4,0.264333987,
Spain,6/4/2020,b,30,13940.4,55.4,0.3974061,
Spain,6/4/2020,b,40,21378.4,138.6,0.648317928,
Spain,6/4/2020,b,50,26412.6,407.5,1.542824258,
Spain,6/4/2020,b,60,23807.8,1164.2,4.889994036,
Spain,6/4/2020,b,70,22787.6,3750.2,16.45719602,
Spain,6/4/2020,b,80,17860.3,5917.8,33.13382194,
Spain,6/4/2020,b,90,5608.3,2252.3,40.16011982,
Spain,6/4/2020,b,100,202.2,87.1,43.07616222,
Spain,6/5/2020,b,0,768.5,3,0.390370852,
Spain,6/5/2020,b,10,1404.4,7.5,0.534035887,
Spain,6/5/2020,b,20,12377.1,31.4,0.253694323,
Spain,6/5/2020,b,30,20853.5,85.1,0.408084974,
Spain,6/5/2020,b,40,32385.7,276.2,0.852845546,
Spain,6/5/2020,b,50,39597.3,849.6,2.145600836,
Spain,6/5/2020,b,60,32372.6,2300.9,7.107553919,
Spain,6/5/2020,b,70,31001.4,6450.3,20.80647971,
Spain,6/5/2020,b,80,34521.4,10743,31.11982712,
Spain,6/5/2020,b,90,15423.6,5074,32.89763739,
Spain,6/5/2020,b,100,741.6,249,33.57605178,
Spain,7/4/2020,b,0,419.1,2.5,0.596516345,
Spain,7/4/2020,b,10,807.5,2.5,0.309597523,
Spain,7/4/2020,b,20,7466.3,22.2,0.29733603,
Spain,7/4/2020,b,30,14338.3,56.7,0.395444369,
Spain,7/4/2020,b,40,22277.7,130.7,0.58668534,
Spain,7/4/2020,b,50,27438.2,458.5,1.671027983,
Spain,7/4/2020,b,60,24784.9,1299.2,5.241901319,
Spain,7/4/2020,b,70,23739.4,3951.8,16.64658753,
Spain,7/4/2020,b,80,19082.6,6200.2,32.49137958,
Spain,7/4/2020,b,90,6112.9,2341.6,38.30587773,
Spain,7/4/2020,b,100,223.2,89.1,39.91935484,
Spain,7/5/2020,b,0,773.6,3,0.387797311,
Spain,7/5/2020,b,10,1408.7,7.5,0.532405764,
Spain,7/5/2020,b,20,12464.8,31.6,0.253513895,
Spain,7/5/2020,b,30,20988.8,85.7,0.408313005,
Spain,7/5/2020,b,40,32570.7,279.7,0.858747279,
Spain,7/5/2020,b,50,39798.2,855.6,2.149845973,
Spain,7/5/2020,b,60,32537.4,2320.3,7.131178275,
Spain,7/5/2020,b,70,31191.4,6503.7,20.85093968,
Spain,7/5/2020,b,80,34796.5,10842,31.15830615,
Spain,7/5/2020,b,90,15576.6,5119,32.86339766,
Spain,7/5/2020,b,100,750.2,250.8,33.43108504,
Spain,8/4/2020,b,0,408.2,2.3,0.56344929,
Spain,8/4/2020,b,10,842.1,2.3,0.273126707,
Spain,8/4/2020,b,20,7706.3,24.9,0.323112259,
Spain,8/4/2020,b,30,14809.7,54.3,0.366651586,
Spain,8/4/2020,b,40,23040.1,138.1,0.59938976,
Spain,8/4/2020,b,50,28407.7,446.1,1.570348884,
Spain,8/4/2020,b,60,25367.3,1351.9,5.329301897,
Spain,8/4/2020,b,70,24284.6,4015,16.53311152,
Spain,8/4/2020,b,80,20362,6485.6,31.85148807,
Spain,8/4/2020,b,90,6947.6,2611.9,37.59427716,
Spain,8/4/2020,b,100,270.3,105.5,39.03070662,
Spain,8/5/2020,b,0,776.1,3,0.386548125,
Spain,8/5/2020,b,10,1413.2,7.6,0.537786584,
Spain,8/5/2020,b,20,12505.1,31.8,0.254296247,
Spain,8/5/2020,b,30,21056.7,86.3,0.409845797,
Spain,8/5/2020,b,40,32676.1,281.6,0.861791952,
Spain,8/5/2020,b,50,39927,861.5,2.15768778,
Spain,8/5/2020,b,60,32642.6,2336.1,7.156599045,
Spain,8/5/2020,b,70,31292.3,6548,20.92527555,
Spain,8/5/2020,b,80,34909.1,10915.8,31.26921061,
Spain,8/5/2020,b,90,15627.1,5153.9,32.98052742,
Spain,8/5/2020,b,100,752.6,252.5,33.55035876,
Spain,9/4/2020,b,0,414.3,2.2,0.531016172,
Spain,9/4/2020,b,10,853.1,2.2,0.257883015,
Spain,9/4/2020,b,20,7879.4,24.5,0.310937381,
Spain,9/4/2020,b,30,15131.6,53.5,0.353564725,
Spain,9/4/2020,b,40,23667.1,147.1,0.621537916,
Spain,9/4/2020,b,50,29264.9,459.3,1.569456926,
Spain,9/4/2020,b,60,26032.2,1391.2,5.344150706,
Spain,9/4/2020,b,70,24884.2,4120.2,16.55749431,
Spain,9/4/2020,b,80,21204.1,6766.6,31.91175292,
Spain,9/4/2020,b,90,7397,2763.5,37.35974044,
Spain,9/4/2020,b,100,293.9,112.6,38.31235114,
Spain,9/5/2020,b,0,789.9,2.9,0.36713508,
Spain,9/5/2020,b,10,1460.8,7.2,0.492880613,
Spain,9/5/2020,b,20,12497.7,31.8,0.254446818,
Spain,9/5/2020,b,30,21060.6,83.8,0.397899395,
Spain,9/5/2020,b,40,32678.5,274.6,0.840307848,
Spain,9/5/2020,b,50,40041.5,848.3,2.118552002,
Spain,9/5/2020,b,60,32416.5,2323.8,7.168571561,
Spain,9/5/2020,b,70,30900.5,6448.2,20.8676235,
Spain,9/5/2020,b,80,35416.4,10961.4,30.95006833,
Spain,9/5/2020,b,90,16322.5,5366.6,32.87854189,
Spain,9/5/2020,b,100,805.1,272.4,33.8343063,
Spain,10/4/2020,b,0,428.4,2.3,0.536881419,
Spain,10/4/2020,b,10,884.7,2.3,0.259975133,
Spain,10/4/2020,b,20,8135.7,24.8,0.304829332,
Spain,10/4/2020,b,30,15556.8,54.1,0.347757894,
Spain,10/4/2020,b,40,24342.4,166.7,0.68481333,
Spain,10/4/2020,b,50,30111.5,477.5,1.585772877,
Spain,10/4/2020,b,60,26792.7,1434.8,5.355190033,
Spain,10/4/2020,b,70,25638,4270.7,16.65769561,
Spain,10/4/2020,b,80,21958.2,6951.2,31.65651101,
Spain,10/4/2020,b,90,7696.7,2851.4,37.04704614,
Spain,10/4/2020,b,100,307,117.4,38.24104235,
Spain,10/5/2020,b,0,802.5,2.9,0.361370717,
Spain,10/5/2020,b,10,1495.6,7.1,0.474725863,
Spain,10/5/2020,b,20,12678.9,32.9,0.259486233,
Spain,10/5/2020,b,30,21350.3,87.1,0.407956797,
Spain,10/5/2020,b,40,33137.8,281.4,0.849181297,
Spain,10/5/2020,b,50,40556.6,864.2,2.130849233,
Spain,10/5/2020,b,60,32755.4,2362.7,7.213161799,
Spain,10/5/2020,b,70,31159.2,6469.6,20.76304912,
Spain,10/5/2020,b,80,35964.3,10982.2,30.53639303,
Spain,10/5/2020,b,90,16706.2,5381.1,32.21019741,
Spain,10/5/2020,b,100,829.2,272.8,32.89917993,
Spain,11/4/2020,b,0,547.9,1.8,0.328527103,
Spain,11/4/2020,b,10,895.2,1.8,0.201072386,
Spain,11/4/2020,b,20,8490.9,30.4,0.358030362,
Spain,11/4/2020,b,30,15888.8,62.6,0.393988218,
Spain,11/4/2020,b,40,24851.5,195.1,0.785063276,
Spain,11/4/2020,b,50,30903.2,503,1.627663155,
Spain,11/4/2020,b,60,27321.2,1562.6,5.71936811,
Spain,11/4/2020,b,70,25894.7,4666.3,18.02028987,
Spain,11/4/2020,b,80,22784.5,7104.2,31.17996884,
Spain,11/4/2020,b,90,8115.8,2737.2,33.7268045,
Spain,11/4/2020,b,100,325.3,107,32.89271442,
Spain,11/5/2020,b,0,824.1,2.9,0.351899041,
Spain,11/5/2020,b,10,1528.2,7.2,0.471142521,
Spain,11/5/2020,b,20,12779,32.9,0.257453635,
Spain,11/5/2020,b,30,21538.2,87.3,0.40532635,
Spain,11/5/2020,b,40,33420,283.2,0.847396768,
Spain,11/5/2020,b,50,40837.3,868.3,2.12624243,
Spain,11/5/2020,b,60,32832.2,2387.6,7.27212919,
Spain,11/5/2020,b,70,31047.5,6500.4,20.93695145,
Spain,11/5/2020,b,80,35797.4,11055.3,30.88296915,
Spain,11/5/2020,b,90,16603.8,5420.7,32.64734579,
Spain,11/5/2020,b,100,822.3,274.3,33.35765536,
Spain,12/5/2020,b,0,825.4,2.9,0.351344803,
Spain,12/5/2020,b,10,1532.4,7.2,0.469851214,
Spain,12/5/2020,b,20,12820.8,33.1,0.258174217,
Spain,12/5/2020,b,30,21602,87.7,0.405980928,
Spain,12/5/2020,b,40,33526.1,287.6,0.857839116,
Spain,12/5/2020,b,50,40946.4,873,2.132055565,
Spain,12/5/2020,b,60,32929,2404.6,7.302377843,
Spain,12/5/2020,b,70,31135.5,6550.9,21.03997045,
Spain,12/5/2020,b,80,35896.5,11125.8,30.99410806,
Spain,12/5/2020,b,90,16652,5455,32.75882777,
Spain,12/5/2020,b,100,824.8,276.1,33.47478177,
Spain,13/04/2020,b,0,566.2,1.9,0.33557047,
Spain,13/04/2020,b,10,931.7,1.9,0.203928303,
Spain,13/04/2020,b,20,8812.2,32.1,0.36426772,
Spain,13/04/2020,b,30,16517.8,66.1,0.400174357,
Spain,13/04/2020,b,40,25803,205.8,0.797581677,
Spain,13/04/2020,b,50,32092.5,536.1,1.670483758,
Spain,13/04/2020,b,60,28374.4,1661.2,5.854573136,
Spain,13/04/2020,b,70,26895.2,4955.3,18.42447723,
Spain,13/04/2020,b,80,23730.4,7549,31.81151603,
Spain,13/04/2020,b,90,8477.4,2931.1,34.57545946,
Spain,13/04/2020,b,100,340.5,115.7,33.979442,
Spain,13/05/2020,b,0,836.2,2.9,0.346806984,
Spain,13/05/2020,b,10,1554.3,7.1,0.456797272,
Spain,13/05/2020,b,20,12901.9,32.8,0.254226122,
Spain,13/05/2020,b,30,21738.1,88.4,0.406659276,
Spain,13/05/2020,b,40,33769.3,286.7,0.848995982,
Spain,13/05/2020,b,50,41160.6,870.1,2.113914763,
Spain,13/05/2020,b,60,33006.1,2414.7,7.31592039,
Spain,13/05/2020,b,70,31100.4,6601,21.2248074,
Spain,13/05/2020,b,80,35914,11212.2,31.21958011,
Spain,13/05/2020,b,90,16727.3,5523.7,33.02206572,
Spain,13/05/2020,b,100,831.7,281.4,33.83431526,
Spain,14/04/2020,b,0,552.5,1.9,0.343891403,
Spain,14/04/2020,b,10,986.4,1.9,0.192619627,
Spain,14/04/2020,b,20,9103.1,32.9,0.361415342,
Spain,14/04/2020,b,30,16997,67.7,0.398305583,
Spain,14/04/2020,b,40,26594.8,210.8,0.792636154,
Spain,14/04/2020,b,50,33039.5,549.3,1.662555426,
Spain,14/04/2020,b,60,29124.4,1715.7,5.890936809,
Spain,14/04/2020,b,70,27540.7,5093,18.49263091,
Spain,14/04/2020,b,80,24532.3,7768.2,31.66519242,
Spain,14/04/2020,b,90,8808.2,3018.5,34.2692037,
Spain,14/04/2020,b,100,354.2,119,33.59683794,
Spain,14/05/2020,b,0,842.8,2.9,0.344091125,
Spain,14/05/2020,b,10,1564.3,7.2,0.460269769,
Spain,14/05/2020,b,20,12942.5,32.9,0.254201275,
Spain,14/05/2020,b,30,21808.7,88.8,0.407176952,
Spain,14/05/2020,b,40,33856.5,287.9,0.850353699,
Spain,14/05/2020,b,50,41280.6,875.1,2.119881978,
Spain,14/05/2020,b,60,33097.4,2426.2,7.330485174,
Spain,14/05/2020,b,70,31184.9,6631.3,21.26445812,
Spain,14/05/2020,b,80,36005.7,11267.5,31.29365628,
Spain,14/05/2020,b,90,16766.2,5555.9,33.13750283,
Spain,14/05/2020,b,100,833.5,283.4,34.00119976,
Spain,15/04/2020,b,0,581.1,1.8,0.309757357,
Spain,15/04/2020,b,10,1008.3,3.5,0.347118913,
Spain,15/04/2020,b,20,9290.4,33.7,0.362740033,
Spain,15/04/2020,b,30,17124.7,65.6,0.383072404,
Spain,15/04/2020,b,40,26836.8,205.6,0.766112204,
Spain,15/04/2020,b,50,33616,553,1.645049976,
Spain,15/04/2020,b,60,29190,1698,5.817060637,
Spain,15/04/2020,b,70,27868.4,5083.4,18.24073144,
Spain,15/04/2020,b,80,26535.9,8025.6,30.24431054,
Spain,15/04/2020,b,90,10317.4,3319.5,32.17380348,
Spain,15/04/2020,b,100,447,140.4,31.40939597,
Spain,15/05/2020,b,0,846.1,2.9,0.342749084,
Spain,15/05/2020,b,10,1579.3,7.2,0.455898183,
Spain,15/05/2020,b,20,12986.6,33,0.254108081,
Spain,15/05/2020,b,30,21841.2,90.5,0.414354523,
Spain,15/05/2020,b,40,33896.8,288.8,0.851997829,
Spain,15/05/2020,b,50,41285.9,877.8,2.126149606,
Spain,15/05/2020,b,60,33149.1,2435.1,7.345900794,
Spain,15/05/2020,b,70,31299.7,6654.4,21.26026767,
Spain,15/05/2020,b,80,36142.8,11309.1,31.29004947,
Spain,15/05/2020,b,90,16833.3,5579.5,33.14561019,
Spain,15/05/2020,b,100,837.2,284.8,34.01815576,
Spain,16/04/2020,b,0,599.7,1.8,0.300150075,
Spain,16/04/2020,b,10,1022.1,3.5,0.342432247,
Spain,16/04/2020,b,20,9506.7,35.2,0.370265181,
Spain,16/04/2020,b,30,17549.4,65.1,0.370952853,
Spain,16/04/2020,b,40,27529.7,207.7,0.754457913,
Spain,16/04/2020,b,50,34451.9,561.5,1.629808516,
Spain,16/04/2020,b,60,29917.4,1710.9,5.718745613,
Spain,16/04/2020,b,70,28626.6,5150.2,17.99095946,
Spain,16/04/2020,b,80,27604.5,8200.6,29.70747523,
Spain,16/04/2020,b,90,10792.2,3397.9,31.48477604,
Spain,16/04/2020,b,100,467.9,143.6,30.69031844,
Spain,16/05/2020,b,0,848.5,2.9,0.341779611,
Spain,16/05/2020,b,10,1583.8,7.2,0.454602854,
Spain,16/05/2020,b,20,13023.3,33.1,0.254159852,
Spain,16/05/2020,b,30,21902.9,90.8,0.414556976,
Spain,16/05/2020,b,40,33992.6,289.7,0.852244312,
Spain,16/05/2020,b,50,41402.6,880.5,2.126678035,
Spain,16/05/2020,b,60,33242.8,2442.8,7.348358141,
Spain,16/05/2020,b,70,31388.1,6675.4,21.26729557,
Spain,16/05/2020,b,80,36244.9,11344.8,31.30040364,
Spain,16/05/2020,b,90,16880.9,5597.1,33.15640754,
Spain,16/05/2020,b,100,839.5,285.7,34.032162,
Spain,17/04/2020,b,0,627.2,1.8,0.286989796,
Spain,17/04/2020,b,10,1059.7,3.6,0.339718788,
Spain,17/04/2020,b,20,9695.6,35.7,0.368208259,
Spain,17/04/2020,b,30,17901.8,66.1,0.369236613,
Spain,17/04/2020,b,40,28049.6,216.2,0.77077748,
Spain,17/04/2020,b,50,35098,575.2,1.63883982,
Spain,17/04/2020,b,60,30411.2,1763.1,5.797535119,
Spain,17/04/2020,b,70,29119.1,5278.7,18.12796412,
Spain,17/04/2020,b,80,28189.6,8442.4,29.94863354,
Spain,17/04/2020,b,90,11090.3,3511.8,31.6655095,
Spain,17/04/2020,b,100,484,148.5,30.68181818,
Spain,17/05/2020,b,0,849.4,2.9,0.341417471,
Spain,17/05/2020,b,10,1585.5,7.2,0.454115421,
Spain,17/05/2020,b,20,13037.7,33.2,0.254646142,
Spain,17/05/2020,b,30,21927.1,91,0.415011561,
Spain,17/05/2020,b,40,34030.2,290.3,0.853065806,
Spain,17/05/2020,b,50,41448.4,882.4,2.128912093,
Spain,17/05/2020,b,60,33279.6,2448,7.355857643,
Spain,17/05/2020,b,70,31422.9,6689.7,21.28925083,
Spain,17/05/2020,b,80,36285,11369,31.33250655,
Spain,17/05/2020,b,90,16899.6,5609.1,33.19072641,
Spain,17/05/2020,b,100,840.5,286.3,34.0630577,
Spain,18/04/2020,b,0,640.7,3.5,0.546277509,
Spain,18/04/2020,b,10,1091,5.2,0.476626948,
Spain,18/04/2020,b,20,9938.1,38.4,0.386391765,
Spain,18/04/2020,b,30,18330.7,80.4,0.438608455,
Spain,18/04/2020,b,40,28696.4,234.1,0.815781771,
Spain,18/04/2020,b,50,35853.1,622,1.734856958,
Spain,18/04/2020,b,60,31036,1864.3,6.006895218,
Spain,18/04/2020,b,70,29702.1,5412.9,18.22396396,
Spain,18/04/2020,b,80,28804.3,8531.7,29.61953597,
Spain,18/04/2020,b,90,11355.2,3513.4,30.94089052,
Spain,18/04/2020,b,100,496.4,147,29.61321515,
Spain,19/04/2020,b,0,661.1,5.1,0.771441537,
Spain,19/04/2020,b,10,1125.3,5.1,0.453212477,
Spain,19/04/2020,b,20,10326.1,50.9,0.492925693,
Spain,19/04/2020,b,30,18784.4,96.7,0.514788867,
Spain,19/04/2020,b,40,29365.3,244.2,0.831593752,
Spain,19/04/2020,b,50,36568.9,649.6,1.77637282,
Spain,19/04/2020,b,60,31392.7,1862.3,5.932270878,
Spain,19/04/2020,b,70,29989.2,5439.4,18.13786296,
Spain,19/04/2020,b,80,29610.4,8745.2,29.53421771,
Spain,19/04/2020,b,90,11862,3603.5,30.37851964,
Spain,19/04/2020,b,100,524.6,150,28.59321388,
Spain,20/04/2020,b,0,677.9,5.2,0.76707479,
Spain,20/04/2020,b,10,1149.9,5.2,0.452213236,
Spain,20/04/2020,b,20,10539.2,51.6,0.489600729,
Spain,20/04/2020,b,30,19169.5,98.1,0.511750437,
Spain,20/04/2020,b,40,29930,247.8,0.827931841,
Spain,20/04/2020,b,50,37273.1,664.4,1.78251876,
Spain,20/04/2020,b,60,31984.6,1898.4,5.93535639,
Spain,20/04/2020,b,70,30570,5547.3,18.14622179,
Spain,20/04/2020,b,80,30222.7,8924.2,29.52813614,
Spain,20/04/2020,b,90,12124.2,3685.9,30.40118111,
Spain,20/04/2020,b,100,536.9,154,28.68318123,
Spain,21/03/2020,b,0,194.4,0,0,
Spain,21/03/2020,b,10,333.1,2.1,0.630441309,
Spain,21/03/2020,b,20,1936.5,8.5,0.438936225,
Spain,21/03/2020,b,30,3327.5,6.4,0.192336589,
Spain,21/03/2020,b,40,4399.1,19.2,0.436452911,
Spain,21/03/2020,b,50,4715.5,42.7,0.905524335,
Spain,21/03/2020,b,60,4394.5,134.6,3.062919559,
Spain,21/03/2020,b,70,4720.1,350.4,7.423571535,
Spain,21/03/2020,b,80,3371.5,633.5,18.78985615,
Spain,21/03/2020,b,90,1131.6,481,42.50618593,
Spain,21/03/2020,b,100,48.2,41.4,85.89211618,
Spain,21/04/2020,b,0,692.2,3.4,0.491187518,
Spain,21/04/2020,b,10,1180.4,5.2,0.440528634,
Spain,21/04/2020,b,20,10728.1,41.3,0.384970312,
Spain,21/04/2020,b,30,19496.2,82.5,0.423159385,
Spain,21/04/2020,b,40,30471.9,237.2,0.778422087,
Spain,21/04/2020,b,50,37947.1,666.9,1.757446551,
Spain,21/04/2020,b,60,32507.8,1923.5,5.917041449,
Spain,21/04/2020,b,70,31095.2,5634.7,18.12080321,
Spain,21/04/2020,b,80,31047.4,9120.7,29.37669499,
Spain,21/04/2020,b,90,12653.3,3837.7,30.32963733,
Spain,21/04/2020,b,100,569.3,163.9,28.78974179,
Spain,21/05/2020,b,0,928.9,2.8,0.301431801,
Spain,21/05/2020,b,10,1732.2,7,0.40411038,
Spain,21/05/2020,b,20,13554.3,33.4,0.246416266,
Spain,21/05/2020,b,30,22408.9,87.8,0.391808612,
Spain,21/05/2020,b,40,34320.3,302.3,0.880819806,
Spain,21/05/2020,b,50,41505.1,915.2,2.205030225,
Spain,21/05/2020,b,60,33241.5,2538,7.63503452,
Spain,21/05/2020,b,70,31473.9,6807.4,21.62871459,
Spain,21/05/2020,b,80,37147.1,11781.6,31.71606936,
Spain,21/05/2020,b,90,17623.5,5855.5,33.22552274,
Spain,21/05/2020,b,100,888.1,297.2,33.46469992,
Spain,22/03/2020,b,0,225.1,0,0,
Spain,22/03/2020,b,10,385.7,2.7,0.700025927,
Spain,22/03/2020,b,20,2242.7,10.8,0.481562402,
Spain,22/03/2020,b,30,3853.6,8.1,0.210193066,
Spain,22/03/2020,b,40,5094.5,24.4,0.478947885,
Spain,22/03/2020,b,50,5461,54.2,0.992492218,
Spain,22/03/2020,b,60,5089.3,170.8,3.356060755,
Spain,22/03/2020,b,70,5466.3,444.5,8.131642976,
Spain,22/03/2020,b,80,3905.1,803.4,20.57309672,
Spain,22/03/2020,b,90,1310,610.5,46.60305344,
Spain,22/03/2020,b,100,55.8,52.6,94.26523297,
Spain,22/04/2020,b,0,700.8,3.4,0.485159817,
Spain,22/04/2020,b,10,1213.2,5.1,0.420375865,
Spain,22/04/2020,b,20,11115.6,42.4,0.381445896,
Spain,22/04/2020,b,30,19969.6,84.7,0.4241447,
Spain,22/04/2020,b,40,31314.1,233.8,0.746628516,
Spain,22/04/2020,b,50,38804.1,677.7,1.746464935,
Spain,22/04/2020,b,60,32940.6,1946.7,5.90972842,
Spain,22/04/2020,b,70,31370,5716.3,18.2221868,
Spain,22/04/2020,b,80,31875.3,9303,29.18560766,
Spain,22/04/2020,b,90,13127.8,3971.2,30.25030851,
Spain,22/04/2020,b,100,592.9,172.8,29.14488109,
Spain,23/03/2020,b,0,251.9,0,0,
Spain,23/03/2020,b,10,438,3.1,0.707762557,
Spain,23/03/2020,b,20,2620.2,12.4,0.473246317,
Spain,23/03/2020,b,30,4624.1,15.5,0.335200363,
Spain,23/03/2020,b,40,6182.3,27.9,0.451288355,
Spain,23/03/2020,b,50,6653.2,68.1,1.023567607,
Spain,23/03/2020,b,60,6160.9,229.1,3.71861254,
Spain,23/03/2020,b,70,6403.2,569.5,8.893990505,
Spain,23/03/2020,b,80,4932.2,1247.4,25.29094522,
Spain,23/03/2020,b,90,1364.4,505.4,37.04192319,
Spain,23/03/2020,b,100,42.5,17.7,41.64705882,
Spain,23/04/2020,b,0,671.8,3.4,0.506103007,
Spain,23/04/2020,b,10,1156.5,5.2,0.449632512,
Spain,23/04/2020,b,20,10596.8,43,0.405782878,
Spain,23/04/2020,b,30,19037.2,85.9,0.451221818,
Spain,23/04/2020,b,40,29842.4,237.2,0.794842238,
Spain,23/04/2020,b,50,36988.4,689.2,1.863286868,
Spain,23/04/2020,b,60,31389.3,1980,6.307881985,
Spain,23/04/2020,b,70,29861,5800.7,19.42567228,
Spain,23/04/2020,b,80,30370.9,9456.5,31.1367131,
Spain,23/04/2020,b,90,12510.7,4046.5,32.34431327,
Spain,23/04/2020,b,100,565,176.4,31.22123894,
Spain,24/03/2020,b,0,291.7,0,0,
Spain,24/03/2020,b,10,500.7,3.7,0.738965448,
Spain,24/03/2020,b,20,3095.3,15,0.484605693,
Spain,24/03/2020,b,30,5465.8,18.7,0.34212741,
Spain,24/03/2020,b,40,7364,37.4,0.507876154,
Spain,24/03/2020,b,50,8049.6,82.3,1.022411051,
Spain,24/03/2020,b,60,7407.5,295.5,3.989200135,
Spain,24/03/2020,b,70,7738.4,714.5,9.233174816,
Spain,24/03/2020,b,80,5955.6,1601,26.88226207,
Spain,24/03/2020,b,90,1687,644.2,38.18612922,
Spain,24/03/2020,b,100,54.4,21.7,39.88970588,
Spain,24/04/2020,b,0,661.2,3.1,0.468844525,
Spain,24/04/2020,b,10,1198.3,6.3,0.525744805,
Spain,24/04/2020,b,20,11148.6,44,0.394668389,
Spain,24/04/2020,b,30,19004,84.9,0.446748053,
Spain,24/04/2020,b,40,29801.9,243.6,0.817397548,
Spain,24/04/2020,b,50,36548,715.1,1.956605013,
Spain,24/04/2020,b,60,30892.2,1930,6.247531739,
Spain,24/04/2020,b,70,30140.9,5895.2,19.55880548,
Spain,24/04/2020,b,80,32036.5,9656.2,30.14124514,
Spain,24/04/2020,b,90,13822,4140.4,29.95514397,
Spain,24/04/2020,b,100,651.4,183.2,28.12404053,
Spain,25/03/2020,b,0,299.6,0,0,
Spain,25/03/2020,b,10,517.1,3.1,0.599497196,
Spain,25/03/2020,b,20,3308,12.3,0.371825877,
Spain,25/03/2020,b,30,5914,21.6,0.365235036,
Spain,25/03/2020,b,40,8638.1,58.6,0.678389924,
Spain,25/03/2020,b,50,9843.5,107.9,1.096154823,
Spain,25/03/2020,b,60,9240.8,351.5,3.803783222,
Spain,25/03/2020,b,70,9206.6,934.4,10.14924076,
Spain,25/03/2020,b,80,6985.8,1831.7,26.22033267,
Spain,25/03/2020,b,90,2156.6,740.9,34.35500325,
Spain,25/03/2020,b,100,77.9,27,34.65982028,
Spain,25/04/2020,b,0,675.5,3.2,0.473723168,
Spain,25/04/2020,b,10,1203,6.3,0.523690773,
Spain,25/04/2020,b,20,11247.6,44.3,0.393861802,
Spain,25/04/2020,b,30,19153.8,85.4,0.445864528,
Spain,25/04/2020,b,40,30045.6,245.1,0.815760045,
Spain,25/04/2020,b,50,36877.7,719.4,1.950772418,
Spain,25/04/2020,b,60,31145.2,2036.5,6.538728279,
Spain,25/04/2020,b,70,30366.3,5949.7,19.59310156,
Spain,25/04/2020,b,80,32322.6,9725.3,30.08823548,
Spain,25/04/2020,b,90,13940.5,4190.6,30.06061476,
Spain,25/04/2020,b,100,656.1,184.3,28.09023015,
Spain,26/03/2020,b,0,338.5,0,0,
Spain,26/03/2020,b,10,583.6,3.6,0.616860864,
Spain,26/03/2020,b,20,3761.4,14.2,0.377519009,
Spain,26/03/2020,b,30,6686.6,24.9,0.372386564,
Spain,26/03/2020,b,40,9804.6,67.5,0.688452359,
Spain,26/03/2020,b,50,11278.5,124.4,1.102983553,
Spain,26/03/2020,b,60,10535.9,422.9,4.013895348,
Spain,26/03/2020,b,70,10511.6,1133.7,10.78522775,
Spain,26/03/2020,b,80,7981,2160.7,27.07304849,
Spain,26/03/2020,b,90,2486.5,874.2,35.1578524,
Spain,26/03/2020,b,100,90.9,32,35.20352035,
Spain,26/04/2020,b,0,673.4,3,0.445500446,
Spain,26/04/2020,b,10,1230.9,6,0.487448209,
Spain,26/04/2020,b,20,11363,32.8,0.288656165,
Spain,26/04/2020,b,30,19335.7,80.6,0.416845524,
Spain,26/04/2020,b,40,30282.6,253.7,0.837774828,
Spain,26/04/2020,b,50,37258,738.6,1.982393043,
Spain,26/04/2020,b,60,31068.7,2059.1,6.627570513,
Spain,26/04/2020,b,70,30251.8,5972.8,19.74361856,
Spain,26/04/2020,b,80,32908.4,9823.8,29.85195269,
Spain,26/04/2020,b,90,14408.2,4352.8,30.21057453,
Spain,26/04/2020,b,100,684.4,198,28.93045003,
Spain,27/03/2020,b,0,371.2,0,0,
Spain,27/03/2020,b,10,632.6,3.9,0.61650332,
Spain,27/03/2020,b,20,4166.7,15.8,0.379196966,
Spain,27/03/2020,b,30,7531.1,27.6,0.366480328,
Spain,27/03/2020,b,40,11077.2,75,0.677066407,
Spain,27/03/2020,b,50,12819.3,146,1.138907741,
Spain,27/03/2020,b,60,11933.2,485.3,4.066805216,
Spain,27/03/2020,b,70,11819.5,1353.4,11.45056897,
Spain,27/03/2020,b,80,8973.9,2533.3,28.22964374,
Spain,27/03/2020,b,90,2819.3,1012.7,35.9202639,
Spain,27/03/2020,b,100,104.1,37,35.54274736,
Spain,27/04/2020,b,0,679,3,0.441826215,
Spain,27/04/2020,b,10,1240.8,6,0.483558994,
Spain,27/04/2020,b,20,11459.1,33.1,0.2888534,
Spain,27/04/2020,b,30,19469.6,82.6,0.42425114,
Spain,27/04/2020,b,40,30483.3,258.5,0.848005301,
Spain,27/04/2020,b,50,37473.2,746.8,1.992890919,
Spain,27/04/2020,b,60,31236.4,2084.2,6.672343804,
Spain,27/04/2020,b,70,30402,6028.8,19.83027432,
Spain,27/04/2020,b,80,33126.4,9949.3,30.03435327,
Spain,27/04/2020,b,90,14513.7,4427.8,30.50772718,
Spain,27/04/2020,b,100,689.4,202,29.30084131,
Spain,28/03/2020,b,0,324.7,0,0,
Spain,28/03/2020,b,10,564.7,2.4,0.425004427,
Spain,28/03/2020,b,20,4395.1,14.3,0.325362335,
Spain,28/03/2020,b,30,8106.4,23.9,0.294828777,
Spain,28/03/2020,b,40,12126.6,83.6,0.689393565,
Spain,28/03/2020,b,50,14328.9,176.8,1.233870011,
Spain,28/03/2020,b,60,13325,537.4,4.033020638,
Spain,28/03/2020,b,70,13201.1,1789,13.55190098,
Spain,28/03/2020,b,80,9594.9,2854.4,29.74913756,
Spain,28/03/2020,b,90,2738.8,1010.9,36.91032569,
Spain,28/03/2020,b,100,90.9,35.3,38.83388339,
Spain,28/04/2020,b,0,695.6,3,0.431282346,
Spain,28/04/2020,b,10,1265.6,6.1,0.481984829,
Spain,28/04/2020,b,20,11588.3,33.5,0.28908468,
Spain,28/04/2020,b,30,19699.6,83.7,0.424881723,
Spain,28/04/2020,b,40,30813.5,261.7,0.849303065,
Spain,28/04/2020,b,50,37873.1,759.2,2.004589009,
Spain,28/04/2020,b,60,31553.7,2119.3,6.716486498,
Spain,28/04/2020,b,70,30693,6122,19.94591601,
Spain,28/04/2020,b,80,33401.7,10133.9,30.33947374,
Spain,28/04/2020,b,90,14637.2,4543.8,31.0428224,
Spain,28/04/2020,b,100,695.8,209,30.03736706,
Spain,29/03/2020,b,0,349.8,0,0,
Spain,29/03/2020,b,10,607.3,2.6,0.428124485,
Spain,29/03/2020,b,20,4757.6,15.8,0.332100219,
Spain,29/03/2020,b,30,8830.4,26.4,0.298967204,
Spain,29/03/2020,b,40,13144.1,94.9,0.721996942,
Spain,29/03/2020,b,50,15495.7,205.6,1.326819698,
Spain,29/03/2020,b,60,14429.6,611.7,4.23920275,
Spain,29/03/2020,b,70,14233.3,2001.1,14.05928351,
Spain,29/03/2020,b,80,10322.2,3206,31.05927031,
Spain,29/03/2020,b,90,2928.5,1136.4,38.8048489,
Spain,29/03/2020,b,100,96.4,39.5,40.97510373,
Spain,29/04/2020,b,0,704,3,0.426136364,
Spain,29/04/2020,b,10,1276.1,7.4,0.579891858,
Spain,29/04/2020,b,20,11706.1,32.7,0.27934154,
Spain,29/04/2020,b,30,19839.6,81.7,0.411802657,
Spain,29/04/2020,b,40,31012.1,258.6,0.833868071,
Spain,29/04/2020,b,50,38095.6,777.1,2.039868121,
Spain,29/04/2020,b,60,31375.3,2147.2,6.843599902,
Spain,29/04/2020,b,70,30410.6,6120.5,20.12620599,
Spain,29/04/2020,b,80,33516.7,10217.2,30.48390802,
Spain,29/04/2020,b,90,14793.6,4677.6,31.61907852,
Spain,29/04/2020,b,100,705.4,220,31.18797845,
Spain,30/03/2020,b,0,398.2,2.5,0.627825213,
Spain,30/03/2020,b,10,668.8,2.5,0.373803828,
Spain,30/03/2020,b,20,5132.3,14.7,0.286421293,
Spain,30/03/2020,b,30,9624.8,31.9,0.331435458,
Spain,30/03/2020,b,40,14452.5,105.5,0.729977513,
Spain,30/03/2020,b,50,17200.8,242.9,1.412143621,
Spain,30/03/2020,b,60,15989.2,723.9,4.527431016,
Spain,30/03/2020,b,70,15817.3,2243,14.18067559,
Spain,30/03/2020,b,80,11671.9,3538.7,30.31811445,
Spain,30/03/2020,b,90,3350.2,1241.1,37.04554952,
Spain,30/03/2020,b,100,111,42.3,38.10810811,
Spain,30/04/2020,b,0,707.9,3,0.423788671,
Spain,30/04/2020,b,10,1290.6,7.4,0.573376724,
Spain,30/04/2020,b,20,11791.6,32.7,0.277316055,
Spain,30/04/2020,b,30,19993.1,83.3,0.416643742,
Spain,30/04/2020,b,40,31230.4,259,0.82932015,
Spain,30/04/2020,b,50,38412.8,781.3,2.033957431,
Spain,30/04/2020,b,60,31621,2171.4,6.866955504,
Spain,30/04/2020,b,70,30624.3,6177.7,20.17254272,
Spain,30/04/2020,b,80,33824.9,10309.1,30.47784325,
Spain,30/04/2020,b,90,15000.6,4771.3,31.80739437,
Spain,30/04/2020,b,100,718.8,227.7,31.67779633,
Spain,31/03/2020,b,0,425.9,2.7,0.633951632,
Spain,31/03/2020,b,10,724.4,2.7,0.372722253,
Spain,31/03/2020,b,20,5531.5,16,0.289252463,
Spain,31/03/2020,b,30,10349.6,37.3,0.360400402,
Spain,31/03/2020,b,40,15615.4,117.3,0.751181526,
Spain,31/03/2020,b,50,18576.8,269.2,1.449119332,
Spain,31/03/2020,b,60,17320.9,802.4,4.632553736,
Spain,31/03/2020,b,70,17186.2,2476.5,14.40981718,
Spain,31/03/2020,b,80,12650.3,3894.7,30.78741216,
Spain,31/03/2020,b,90,3634.3,1386,38.13664254,
Spain,31/03/2020,b,100,120.8,48.2,39.90066225,
