iso_code,continent,location,RS,GHSI,WGI,Day,date,total_cases,new_cases,total_deaths,new_deaths,total_cases_per_million,new_cases_per_million,total_deaths_per_million,new_deaths_per_million,total_tests,new_tests,total_tests_per_thousand,new_tests_per_thousand,new_tests_smoothed,new_tests_smoothed_per_thousand,tests_units,population_density,aged_65_older,gdp_per_capita,extreme_poverty,cvd_death_rate,diabetes_prevalence,female_smokers,male_smokers,handwashing_facilities,hospital_beds_per_thousand,life_expectancy
AFG,Asia,Afghanistan,38,32.3,-1.46,97,2020-06-15,24766,664,471,20,636.195,17.057,12.099,.514, , , , , , , ,54.422,2.581,1803.987, ,597.029,9.59, , ,37.746,.5,64.83
ALB,Europe,Albania,62,52.9,.11,83,2020-06-15,1521,57,36,0,528.529,19.807,12.51,0, , , , , , , ,104.871,13.188,11803.431,1.1,304.195,10.08,7.1,51.2, ,2.89,78.57
DZA,Africa,Algeria,0,23.6,-.44,100,2020-06-15,10919,109,767,7,249.002,2.486,17.491,.16, , , , , , , ,17.348,6.211,13913.839,.5,278.364,6.73,.7,30.4,83.741,1.9,76.88
AND,Europe,Andorra,0,30.5,1.94,89,2020-06-15,853,0,51,0,11039.928,0,660.066,0, , , , , , , ,163.755, , , ,109.135,7.97,29,37.8, , ,83.73
AGO,Africa,Angola,0,25.2,-1.05,70,2020-06-15,140,2,6,0,4.26,.061,.183,0, , , , , , , ,23.89,2.405,5819.495, ,276.045,3.94, , ,26.664, ,61.15
AIA,North America,Anguilla, ,25.2,.83,65,2020-06-15,3,0,0,0,199.973,0,0,0, , , , , , , , , , , , , , , , , ,81.88
ATG,North America,Antigua and Barbuda,0,29,-.01,81,2020-06-15,26,0,3,0,265.501,0,30.635,0, , , , , , , ,231.845,6.933,21490.943, ,191.511,13.17, , , ,3.8,77.02
ARG,South America,Argentina,0,58.6,.03,88,2020-06-15,31564,1282,833,18,698.384,28.365,18.431,.398,239941,5571,5.309,.123,5917,.131,tests performed,16.177,11.198,18933.907,.6,191.032,5.5,16.2,27.7, ,5,76.67
ARM,Asia,Armenia,90,50.2,-.02,90,2020-06-15,16667,663,269,5,5624.598,223.742,90.779,1.687, , , , , , , ,102.931,11.232,8787.58,1.8,341.01,7.11,1.5,52.1,94.043,4.2,75.09
AUS,Oceania,Australia,92,75.5,1.6,126,2020-06-15,7320,18,102,0,287.06,.706,4,0,1828149,15796,71.692,.619,27805,1.09,tests performed,3.202,15.504,44648.71,.5,107.791,5.07,13,16.5, ,3.84,83.44
AUT,Europe,Austria,0,58.5,1.45,96,2020-06-15,17038,24,677,0,1891.766,2.665,75.169,0,527670,2830,58.588,.314,4701,.522,tests performed,106.749,19.202,45436.686,.7,145.183,6.35,28.4,30.9, ,7.37,81.54
AZE,Asia,Azerbaijan,0,34.2,-.1,93,2020-06-15,9957,387,119,4,982.033,38.169,11.737,.395, , , , , , , ,119.309,6.018,15847.419, ,559.812,7.11,.3,42.5,83.241,4.7,73
BHS,North America,Bahamas,0,30.6,.54,76,2020-06-15,103,0,11,0,261.921,0,27.972,0, , , , , , , ,39.497,8.996,27717.847, ,235.954,13.17,3.1,20.4, ,2.9,73.92
BHR,Asia,Bahrain,80,39.4,.18,100,2020-06-15,18227,0,43,4,10711.79,0,25.271,2.351,425192,6779,249.88,3.984,7261,4.267,units unclear,1935.907,2.372,43290.705, ,151.689,16.52,5.8,37.6, ,2,77.29
BGD,Asia,Bangladesh,50,35,-.75,83,2020-06-15,87520,3141,1171,32,531.425,19.072,7.11,.194,519503,15038,3.154,.091,15510,.094,samples tested,1265.036,5.098,3523.984,14.8,298.003,8.38,1,44.7,34.808,.8,72.59
BRB,North America,Barbados,0,31.9,.43,74,2020-06-15,96,0,7,0,334.063,0,24.359,0, , , , , , , ,664.463,14.952,16978.068, ,170.05,13.57,1.9,14.5,88.469,5.8,79.19
BLR,Europe,Belarus,0,35.3,-.3,93,2020-06-15,53973,732,308,5,5711.839,77.466,32.595,.529,749917, ,79.362, ,16703,1.768,tests performed,46.858,14.799,17167.967, ,443.129,5.18,10.5,46.1, ,11,74.79
BEL,Europe,Belgium,85,61,1.17,117,2020-06-15,60029,111,9655,5,5179.55,9.578,833.073,.431,830483,8653,71.658,.747,9201,.794,units unclear,375.564,18.571,42658.576,.2,114.898,4.29,25.1,31.4, ,5.64,81.63
BLZ,North America,Belize,0,31.8,-.59,44,2020-06-15,21,1,2,0,52.814,2.515,5.03,0, , , , , , , ,16.426,3.853,7824.362, ,176.957,17.11, , ,90.083,1.3,74.62
BEN,Africa,Benin,34,28.8,-.57,75,2020-06-15,470,58,7,1,38.769,4.784,.577,.082, , , , , , , ,99.11,3.244,2064.236,49.6,235.848,.99,.6,12.3,11.035,.5,61.77
BTN,Asia,Bhutan,44,40.3,.36,85,2020-06-15,66,0,0,0,85.535,0,0,0, , , , , , , ,21.188,4.885,8708.597,1.5,217.066,9.75, , ,79.807,1.7,71.78
BOL,South America,Bolivia,0,35.8,-.32,81,2020-06-15,18459,617,611,26,1581.338,52.857,52.343,2.227,48756,1384,4.177,.119,1523,.13,units unclear,10.202,6.704,6885.829,7.1,204.299,6.89, , ,25.383,1.1,71.51
BIH,Europe,Bosnia and Herzegovina,0,42.8,-.62,86,2020-06-15,3001,61,163,0,914.712,18.593,49.683,0, , , , , , , ,68.496,16.569,11713.895,.2,329.635,10.08,30.2,47.7,97.164,3.5,77.4
BWA,Africa,Botswana,40,31.1,.47,63,2020-06-15,60,0,1,0,25.514,0,.425,0, , , , , , , ,4.044,3.941,15807.374, ,237.372,4.81,5.7,34.4, ,1.8,69.59
BRA,South America,Brazil,0,59.7,-.45,96,2020-06-15,867624,17110,43332,612,4081.795,80.495,203.858,2.879, , , , , , , ,25.04,8.552,14103.452,3.4,177.961,8.11,10.1,17.9, ,2.2,75.88
BRN,Asia,Brunei,0,32.6,1.25,82,2020-06-15,141,0,2,0,322.298,0,4.572,0, , , , , , , ,81.347,4.591,71809.251, ,201.285,12.79,2,30.9, ,2.7,75.86
BGR,Europe,Bulgaria,0,45.6,.27,62,2020-06-15,3290,24,174,2,473.487,3.454,25.042,.288,104486,1409,15.037,.203,2022,.291,tests performed,65.18,20.801,18563.307,1.5,424.688,5.81,30.1,44.4, ,7.454,75.05
BFA,Africa,Burkina Faso,34,30.1,-.58,82,2020-06-15,894,0,53,0,42.768,0,2.535,0, , , , , , , ,70.151,2.409,1703.102,43.7,269.048,2.42,1.6,23.9,11.877,.4,61.58
BDI,Africa,Burundi,30,22.8,-1.42,60,2020-06-15,94,0,1,0,7.905,0,.084,0, , , , , , , ,423.062,2.562,702.225,71.7,293.068,6.05, , ,6.144,.8,61.58
KHM,Asia,Cambodia,48,39.2,-.57,124,2020-06-15,128,0,0,0,7.656,0,0,0, , , , , , , ,90.672,4.412,3645.07, ,270.892,4,2,33.7,66.229,.8,69.82
CMR,Africa,Cameroon,38,34.4,-.8,85,2020-06-15,9864,292,276,1,371.583,11,10.397,.038, , , , , , , ,50.885,3.165,3364.926,23.8,244.661,7.2, , ,2.735,1.3,59.29
CAN,North America,Canada,93,75.3,1.72,129,2020-06-15,98776,377,8146,39,2617.127,9.989,215.833,1.033,2152700,38852,57.037,1.029,36565,.969,people tested,4.037,16.984,44017.591,.5,105.599,7.37,12,16.6, ,2.5,82.43
CPV,Africa,Cape Verde, ,29.3,.32,71,2020-06-15,750,24,6,0,1348.95,43.166,10.792,0, , , , , , , ,135.58,4.46,6222.554, ,182.219,2.42,2.1,16.5, ,2.1,72.98
CAF,Africa,Central African Republic,26,27.3,-1.72,71,2020-06-15,2222,165,7,0,460.064,34.163,1.449,0, , , , , , , ,7.479,3.655,661.24, ,435.727,6.1, , ,16.603,1,53.28
TCD,Africa,Chad,29,28.8,-1.53,72,2020-06-15,850,2,73,1,51.748,.122,4.444,.061, , , , , , , ,11.833,2.486,1768.153,38.4,280.995,6.1, , ,5.818, ,54.24
CHL,South America,Chile,0,58.3,1.08,88,2020-06-15,174293,6938,3323,222,9117.55,362.938,173.832,11.613,858958,18808,44.933,.984,18592,.973,tests performed,24.282,11.087,22767.037,1.3,127.993,8.46,34.2,41.5, ,2.11,80.18
CHN,Asia,China,0,48.2,.48,181,2020-06-15,84335,47,4638,0,58.593,.033,3.222,0, , , , , , , ,147.674,10.641,15308.712,.7,261.899,9.74,1.9,48.4, ,4.34,76.91
COL,South America,Colombia,0,44.2,-.09,85,2020-06-15,50939,2193,1667,75,1001.103,43.099,32.762,1.474,507588,12564,9.976,.247,12266,.241,samples tested,44.223,7.646,13254.949,4.5,124.24,7.44,4.7,13.5,65.386,1.71,77.29
COM,Africa,Comoros,34,27.2,-.44,39,2020-06-15,176,0,2,0,202.393,0,2.3,0, , , , , , , ,437.352,2.963,1413.89,18.1,261.516,11.88,4.4,23.6,15.574,2.2,64.32
COG,Africa,Congo,28,23.6,-1.22,77,2020-06-15,779,0,25,0,141.172,0,4.531,0, , , , , , , ,15.405,3.402,4881.406,37,344.094,7.2,1.7,52.3,47.964, ,64.57
CRI,North America,Costa Rica,0,45.1,.38,99,2020-06-15,1715,53,12,0,336.663,10.404,2.356,0,24279,237,4.766,.047,368,.072,people tested,96.079,9.468,15524.995,1.3,137.973,8.78,6.4,17.4,83.841,1.13,80.28
CIV,Africa,Cote d'Ivoire,42,35.5,-.57,80,2020-06-15,5084,236,45,0,192.734,8.947,1.706,0, , , , , , , ,76.399,2.933,3601.006,28.2,303.74,2.42, , ,19.351, ,57.78
HRV,Europe,Croatia,0,53.3,.46,96,2020-06-15,2252,1,107,0,548.563,.244,26.064,0,70254,144,17.113,.035,198,.048,people tested,73.726,19.724,22669.797,.7,253.782,5.59,34.3,39.9, ,5.54,78.49
CUB,North America,Cuba,0,35.2,-.24,97,2020-06-15,2248,10,84,0,198.471,.883,7.416,0,138831,2582,12.257,.228,2318,.205,tests performed,110.408,14.738, , ,190.968,8.27,17.1,53.3,85.198,5.2,78.8
CYP,Europe,Cyprus,0,43,.92,82,2020-06-15,983,3,18,0,1122.276,3.425,20.55,0, , , , , , , ,127.657,13.416,32415.132, ,141.171,9.24,19.6,52.7, ,3.4,80.98
CZE,Europe,Czech Republic, ,52,.92,90,2020-06-15,10024,33,329,0,936.037,3.082,30.722,0,501823,3673,46.86,.343,3219,.301,tests performed,137.176,19.027,32605.906, ,227.485,6.82,30.5,38.3, ,6.63,79.38
COD,Africa,Democratic Republic of Congo,35,26.5,-1.55,81,2020-06-15,4777,54,106,1,53.338,.603,1.184,.011, , , , , , , ,35.879,3.02,808.133,77.1,318.949,6.1, , ,4.472, ,60.68
DNK,Europe,Denmark,0,70.4,1.87,94,2020-06-15,12193,54,597,0,2105.071,9.323,103.07,0,818454,17666,141.303,3.05,13818,2.386,tests performed,136.52,19.677,46682.515,.2,114.767,6.41,19.3,18.8, ,2.5,80.9
DJI,Africa,Djibouti,31,23.2,-.9,77,2020-06-15,4465,16,43,2,4519.222,16.194,43.522,2.024, , , , , , , ,41.285,4.213,2705.406,22.5,258.037,6.05,1.7,24.5, ,1.4,67.11
DMA,North America,Dominica,0,24,-.29,69,2020-06-15,18,0,0,0,250.031,0,0,0, , , , , , , ,98.567, ,9673.367, ,227.376,11.62, , , ,3.8,75
DOM,North America,Dominican Republic,0,38.3,-.4,90,2020-06-15,22962,390,592,15,2116.722,35.952,54.573,1.383, , , , , , , ,222.873,6.981,14600.861,1.6,266.653,8.2,8.5,19.1,55.182,1.6,74.08
ECU,South America,Ecuador,0,50.1,-.26,107,2020-06-15,46751,395,3896,22,2649.824,22.388,220.823,1.247,91101, ,5.164, ,1472,.083,units unclear,66.939,7.104,10581.936,3.6,140.448,5.55,2,12.3,80.635,1.5,77.01
EGY,Africa,Egypt,0,39.9,-.58,107,2020-06-15,44598,1618,1575,91,435.807,15.811,15.391,.889, , , , , , , ,97.999,5.159,10550.206,1.3,525.432,17.31,.2,50.1,89.827,1.6,71.99
SLV,North America,El Salvador,0,44.2,-.45,73,2020-06-15,3720,117,74,2,573.525,18.038,11.409,.308,128204,2445,19.766,.377,2419,.373,tests performed,307.811,8.273,7292.458,2.2,167.295,8.87,2.5,18.8,90.65,1.3,73.32
GNQ,Africa,Equatorial Guinea,0,16.2,-1.29,73,2020-06-15,1306,0,12,0,930.872,0,8.553,0, , , , , , , ,45.194,2.846,22604.873, ,202.812,7.78, , ,24.64,2.1,58.74
ERI,Africa,Eritrea,46,22.4,-1.73,49,2020-06-15,96,31,0,0,27.069,8.741,0,0, , , , , , , ,44.304,3.607,1510.459, ,311.11,6.05,.2,11.4, ,.7,66.32
EST,Europe,Estonia,0,57,1.19,94,2020-06-15,1973,0,69,0,1487.329,0,52.015,0,97695,1068,73.647,.805,853,.643,tests performed,31.033,19.452,29481.252,.5,255.569,4.02,24.5,39.3, ,4.69,78.74
ETH,Africa,Ethiopia,52,40.6,-.61,78,2020-06-15,3345,179,57,2,29.096,1.557,.496,.017,186985,5636,1.626,.049,5607,.049,tests performed,104.957,3.526,1729.927,26.7,182.634,7.47,.4,8.5,7.96,.3,66.6
FJI,Oceania,Fiji,0,25.7,.26,72,2020-06-15,18,0,0,0,20.079,0,0,0, , , , , , , ,49.562,6.224,8702.975,1.4,412.82,14.49,10.2,34.8, ,2.3,67.44
FIN,Europe,Finland,86,68.7,1.98,123,2020-06-15,7104,17,326,1,1282.144,3.068,58.837,.18,224016,1625,40.431,.293,2086,.376,samples tested,18.136,21.228,40585.721, ,153.507,5.76,18.3,22.6, ,3.28,81.91
FRA,Europe,France,0,68.2,1.48,127,2020-06-15,157220,407,29407,9,2408.634,6.235,450.52,.138, , , , , , , ,122.578,19.718,38605.671, ,86.06,4.77,30.1,35.6, ,5.98,82.66
GAB,Africa,Gabon,27,20,-.81,79,2020-06-15,3463,0,23,0,1555.895,0,10.334,0, , , , , , , ,7.859,4.45,16562.413,3.4,259.967,7.2, , , ,6.3,66.47
GMB,Africa,Gambia,32,34.2,-.62,74,2020-06-15,28,0,1,0,11.586,0,.414,0, , , , , , , ,207.566,2.339,1561.767,10.1,331.43,1.91,.7,31.2,7.876,1.1,62.05
GEO,Asia,Georgia,57,52,.61,95,2020-06-15,879,28,14,0,220.346,7.019,3.509,0, , , , , , , ,65.032,14.864,9745.079,4.2,496.218,7.11,5.3,55.5, ,2.6,73.77
DEU,Europe,Germany,0,66,1.62,124,2020-06-15,186461,192,8791,4,2225.498,2.292,104.925,.048, , , , , , , ,237.016,21.453,45229.245, ,156.139,8.31,28.2,33.1, ,8,81.33
GHA,Africa,Ghana,45,35.5,-.21,79,2020-06-15,11964,542,54,3,385.029,17.443,1.738,.097,258010,2039,8.303,.066,2544,.082,samples tested,126.719,3.385,4227.63,12,298.245,4.97,.3,7.7,41.047,.9,64.07
GRC,Europe,Greece,0,53.8,.34,95,2020-06-15,3121,9,183,0,299.432,.863,17.557,0,254854,3931,24.451,.377,3619,.347,tests performed,83.479,20.396,24574.382,1.5,175.695,4.55,35.3,52, ,4.21,82.24
GRD,North America,Grenada,0,27.5,-.25,69,2020-06-15,23,0,0,0,204.41,0,0,0, , , , , , , ,317.132,7.304,13593.877, ,243.964,10.71, , , ,3.7,72.4
GTM,North America,Guatemala,0,32.7,-.68,78,2020-06-15,9845,354,384,17,549.522,19.759,21.434,.949, , , , , , , ,157.834,4.694,7423.808,8.7,155.898,10.18, , ,76.665,.6,74.3
GIN,Africa,Guinea,35,32.7,-.97,78,2020-06-15,4532,48,25,0,345.09,3.655,1.904,0, , , , , , , ,51.755,3.135,1998.926,35.3,336.717,2.42, , ,17.45,.3,61.6
GNB,Africa,Guinea-Bissau,30,20,-1.49,66,2020-06-15,1460,0,15,0,741.871,0,7.622,0, , , , , , , ,66.191,3.002,1548.675,67.1,382.474,2.42, , ,6.403, ,58.32
GUY,South America,Guyana,0,31.7,-.27,80,2020-06-15,159,0,12,0,202.146,0,15.256,0, , , , , , , ,3.952,5.305,7435.047, ,373.159,11.62, , ,77.159,1.6,69.91
HTI,North America,Haiti,0,31.5,-1.91,72,2020-06-15,4309,144,73,3,377.898,12.629,6.402,.263, , , , , , , ,398.448,4.8,1653.173,23.5,430.548,6.65,2.9,23.1,22.863,.7,64
HND,North America,Honduras,0,27.6,-.62,81,2020-06-15,8858,403,312,2,894.331,40.688,31.5,.202, , , , , , , ,82.805,4.652,4541.795,16,240.208,7.21,2, ,84.169,.7,75.27
HUN,Europe,Hungary,0,54,.49,87,2020-06-15,4076,12,563,4,421.931,1.242,58.279,.414, , , , , , , ,108.043,18.577,26777.561,.5,278.296,7.55,26.8,34.8, ,7.02,76.88
ISL,Europe,Iceland,0,46.3,1.47,93,2020-06-15,1810,2,10,0,5304.029,5.861,29.304,0,63184,27,185.155,.079,51,.149,samples tested,3.404,14.431,46482.958,.2,117.992,5.31,14.3,15.2, ,2.91,82.99
IND,Asia,India,0,46.5,.28,121,2020-06-15,332424,11502,9520,325,240.886,8.335,6.899,.236,5774133,115519,4.184,.084,142814,.103,samples tested,450.419,5.989,6426.674,21.2,282.28,10.39,1.9,20.6,59.55,.53,69.66
IDN,Asia,Indonesia,64,56.6,.18,89,2020-06-15,38277,857,2134,43,139.94,3.133,7.802,.157,329190, ,1.204, ,7823,.029,people tested,145.725,5.319,11188.744,5.7,342.864,6.32,2.8,76.1,64.204,1.04,71.72
IRN,Asia,Iran,0,37.7,-.43,102,2020-06-15,187427,2472,8837,107,2231.461,29.431,105.211,1.274,1269194,25120,15.111,.299,23209,.276,tests performed,49.831,5.44,19082.62,.2,270.308,9.59,.8,21.1, ,1.5,76.68
IRQ,Asia,Iraq,46,25.8,-1.32,90,2020-06-15,20209,1259,607,58,502.43,31.301,15.091,1.442, , , , , , , ,88.125,3.186,15663.986,2.5,218.612,8.83, , ,94.576,1.4,70.6
IRL,Europe,Ireland,0,59,1.42,92,2020-06-15,25303,8,1706,1,5124.351,1.62,345.498,.203, , , , ,2696,.546,units unclear,69.874,13.928,67335.293,.2,126.459,3.28,23,25.7, ,2.96,82.3
ISR,Asia,Israel,0,47.3,1.21,100,2020-06-15,19121,113,302,2,2209.105,13.055,34.891,.231, , , , , , , ,402.606,11.733,33132.32,.5,93.32,6.74,15.4,35.4, ,2.99,82.97
ITA,Europe,Italy,0,56.2,.41,121,2020-06-15,236989,338,34345,44,3919.647,5.59,568.044,.728,4648825,28107,76.889,.465,55025,.91,tests performed,205.859,23.021,35220.084,2,113.151,4.78,19.8,27.8, ,3.18,83.51
JAM,North America,Jamaica,0,29,.5,81,2020-06-15,617,2,10,0,208.364,.675,3.377,0, , , , , , , ,266.879,9.684,8193.571, ,206.537,11.28,5.3,28.6,66.425,1.7,74.47
JPN,Asia,Japan,92,59.8,1.68,135,2020-06-15,17502,73,925,0,138.381,.577,7.314,0,340918, ,2.696, ,3439,.027,people tested,347.778,27.049,39002.223, ,79.37,5.72,11.2,33.7, ,13.05,84.63
JOR,Asia,Jordan,57,42.1,.11,89,2020-06-15,961,8,9,0,94.187,.784,.882,0, , , , , , , ,109.285,3.81,8337.49,.1,208.257,11.75, , , ,1.4,74.53
KAZ,Asia,Kazakhstan,0,40.7,.02,79,2020-06-15,14809,313,77,4,788.69,16.67,4.101,.213,1160776,24582,61.82,1.309,25629,1.365,tests performed,6.681,6.991,24055.588,.1,466.792,7.11,7,43.1,98.999,6.7,73.6
KEN,Africa,Kenya,50,47.1,-.41,78,2020-06-15,3594,137,103,3,66.839,2.548,1.916,.056,118701,3365,2.208,.063,2895,.054,units unclear,87.324,2.686,2993.028,36.8,218.637,2.92,1.2,20.4,24.651,1.4,66.7
KWT,Asia,Kuwait,74,46.1,-.09,66,2020-06-15,35920,454,296,7,8411.069,106.309,69.312,1.639,337387,2775,79.003,.65,2729,.639,tests performed,232.128,2.345,65530.537, ,132.235,15.84,2.7,37, ,2,75.49
KGZ,Asia,Kyrgyzstan,75,49.3,-.61,73,2020-06-15,2372,87,27,0,363.57,13.335,4.138,0, , , , , , , ,32.333,4.489,3393.474,1.4,436.362,7.11,3.6,50.5,89.22,4.5,71.45
LAO,Asia,Laos,53,43.1, ,75,2020-06-15,19,0,0,0,2.611,0,0,0, , , , , , , ,29.715,4.029,6397.36,22.7,368.111,4,7.3,51.2,49.839,1.5,67.92
LVA,Europe,Latvia,73,62.9,1.04,89,2020-06-15,1097,0,28,0,581.592,0,14.845,0,128145,695,67.938,.368,1403,.744,tests performed,31.212,19.754,25063.846,.7,350.06,4.91,25.6,51, ,5.57,75.29
LBN,Asia,Lebanon,56,43.1,-.64,100,2020-06-15,1446,4,32,0,211.854,.586,4.688,0, , , , , , , ,594.561,8.514,13367.565, ,266.591,12.71,26.9,40.7, ,2.9,78.93
LSO,Africa,Lesotho,38,30.2,.08,19,2020-06-15,4,0,0,0,1.867,0,0,0, , , , , , , ,73.562,4.506,2851.153,59.6,405.126,3.94,.4,53.9,2.117, ,54.33
LBR,Africa,Liberia,46,35.1,-1.34,75,2020-06-15,458,12,32,0,90.555,2.373,6.327,0, , , , , , , ,49.127,3.057,752.788,38.6,272.509,2.42,1.5,18.1,1.188,.8,64.1
LBY,Africa,Libya,44,25.7,-1.85,67,2020-06-15,418,0,8,0,60.833,0,1.164,0, , , , , , , ,3.623,4.424,17881.509, ,341.862,10.43, , , ,3.7,72.91
LIE,Europe,Liechtenstein, ,43.5,1.74,88,2020-06-15,83,0,1,0,2176.364,0,26.221,0, , , , , , , ,237.012, , , , ,7.77, , , ,2.397,82.49
LTU,Europe,Lithuania,74,55,1.07,93,2020-06-15,1768,5,75,0,649.453,1.837,27.55,0,365136,1608,134.128,.591,4207,1.545,samples tested,45.135,19.002,29524.265,.7,342.989,3.67,21.3,38, ,6.56,75.93
LUX,Europe,Luxembourg,0,43.8,1.78,92,2020-06-15,4070,7,110,0,6501.847,11.183,175.726,0,110946,4342,177.237,6.936,3245,5.184,people tested,231.447,14.312,94277.965,.2,128.275,4.42,20.9,26, ,4.51,82.25
MKD,Europe,Macedonia, ,39.1,.09,95,2020-06-15,4057,155,188,9,1947.316,74.398,90.238,4.32, , , , , , , ,82.6,13.26,13111.214,5,322.688,10.08, , , ,4.28,75.8
MDG,Africa,Madagascar,37,40.1,-1.15,71,2020-06-15,1272,20,10,0,45.935,.722,.361,0, , , , , , , ,43.951,2.929,1416.44,77.6,405.994,3.94, , ,50.54,.2,67.04
MWI,Africa,Malawi,30,28,-.73,59,2020-06-15,547,18,6,1,28.594,.941,.314,.052, , , , , , , ,197.519,2.979,1095.042,71.4,227.349,3.94,4.4,24.7,8.704,1.3,64.26
MYS,Asia,Malaysia,0,62.2,1.08,126,2020-06-15,8453,8,121,1,261.169,.247,3.738,.031,656210,4866,20.275,.15,5996,.185,people tested,96.254,6.293,26808.164,.1,260.942,16.74,1,42.4, ,1.9,76.16
MDV,Asia,Maldives,47,33.8,-.49,84,2020-06-15,2035,22,8,0,3764.74,40.7,14.8,0, , , , ,762,1.41,samples tested,1454.433,4.12,15183.616, ,164.905,9.19,2.1,55,95.803, ,78.92
MLI,Africa,Mali,35,29,-1,66,2020-06-15,1809,33,104,0,89.33,1.63,5.136,0, , , , , , , ,15.196,2.519,2014.306, ,268.024,2.42,1.6,23,52.232,.1,59.31
MLT,Europe,Malta,0,37.3,.97,84,2020-06-15,648,2,9,0,1467.594,4.53,20.383,0, , , , , , , ,1454.037,19.426,36513.323,.2,168.711,8.83,20.9,30.2, ,4.485,82.53
MRT,Africa,Mauritania,38,27.5,-.73,78,2020-06-15,1783,344,87,13,383.469,73.984,18.711,2.796, , , , , , , ,4.289,3.138,3597.633,6,232.347,2.42, , ,15.95, ,64.92
MUS,Africa,Mauritius,60,34.9,.88,100,2020-06-15,337,0,10,0,264.986,0,7.863,0, , , , , , , ,622.962,10.945,20292.745,.5,224.644,22.02,3.2,40.7, ,3.4,74.99
MEX,North America,Mexico,0,57.6,-.15,86,2020-06-15,146837,4147,17141,269,1138.865,32.164,132.945,2.086,398533,8689,3.091,.067,8063,.063,people tested,66.444,6.857,17336.469,2.5,152.783,13.06,6.9,21.4,87.847,1.38,75.05
MDA,Europe,Moldova, ,42.9,-.47,84,2020-06-15,11740,281,406,8,2910.289,69.659,100.645,1.983, , , , , , , ,123.655,10.864,5189.972,.2,408.502,5.72,5.9,44.6,86.979,5.8,71.9
MCO,Europe,Monaco,0,32.7, ,92,2020-06-15,99,0,5,0,2522.679,0,127.408,0, , , , , , , ,19347.5, , , , ,5.46, , , ,13.8,86.75
MNG,Asia,Mongolia,59,49.5,-.23,81,2020-06-15,197,0,0,0,60.092,0,0,0, , , , , , , ,1.98,4.031,11840.846,.5,460.043,4.82,5.5,46.5,71.18,7,69.87
MNE,Europe,Montenegro,0,43.7,.13,74,2020-06-15,325,1,9,0,517.465,1.592,14.33,0, , , , , , , ,46.28,14.762,16409.288,1,387.305,10.08,44,47.9, ,3.861,76.88
MAR,Africa,Morocco,70,43.7,-.21,89,2020-06-15,8734,42,212,0,236.626,1.138,5.744,0,439272,16752,11.901,.454,16653,.451,people tested,80.08,6.769,7485.013,1,419.146,7.14,.8,47.1, ,1.1,76.68
MOZ,Africa,Mozambique,47,28.1,-.87,69,2020-06-15,583,30,3,1,18.653,.96,.096,.032, , , , , , , ,37.728,3.158,1136.103,62.9,329.942,3.3,5.1,29.1,12.227,.7,60.85
MMR,Asia,Myanmar,41,43.4,-1.07,44,2020-06-15,262,1,6,0,4.815,.018,.11,0,53351,1900,.981,.035,1822,.033,samples tested,81.721,5.732,5591.597,6.4,202.104,4.61,6.3,35.2,79.287,.9,67.13
NAM,Africa,Namibia,44,35.6,.11,80,2020-06-15,32,0,0,0,12.594,0,0,0, , , , , , , ,3.078,3.552,9541.808,13.4,243.811,3.94,9.7,34.2,44.6, ,63.71
NPL,Asia,Nepal,0,35.1,-.9,146,2020-06-15,5760,425,19,1,197.688,14.586,.652,.034, , , , , , , ,204.43,5.809,2442.804,15,260.797,7.26,9.5,37.8,47.782,.3,70.78
NLD,Europe,Netherlands,0,75.6,1.85,94,2020-06-15,48783,143,6059,2,2847.001,8.346,353.606,.117,487680,5878,28.461,.343,8320,.486,people tested,508.544,18.779,48472.545, ,109.361,5.29,24.4,27.3, ,3.32,82.28
NZL,Oceania,New Zealand,89,54,1.67,93,2020-06-15,1154,0,22,0,239.308,0,4.562,0,312648,1527,64.835,.317,2392,.496,tests performed,18.206,15.322,36085.843, ,128.797,8.08,14.8,17.2, ,2.61,82.29
NIC,North America,Nicaragua,0,43.1,-.8,73,2020-06-15,1655,0,55,0,249.828,0,8.302,0, , , , , , , ,51.667,5.445,5321.444,3.2,137.016,11.47, , , ,.9,74.48
NER,Africa,Niger,34,32.2,-.77,72,2020-06-15,980,0,66,0,40.485,0,2.727,0, , , , , , , ,16.955,2.553,926,44.5,238.339,2.42,.1,15.4,8.978,.3,62.42
NGA,Africa,Nigeria,39,37.8,-1.02,94,2020-06-15,16085,403,420,13,78.03,1.955,2.037,.063,94323,1399,.458,.007,2297,.011,samples tested,209.588,2.751,5338.454, ,181.013,2.42,.6,10.8,41.949, ,54.69
NOR,Europe,Norway,0,64.6,1.89,95,2020-06-15,8606,0,242,0,1587.459,0,44.639,0,285867, ,52.731, ,3376,.623,people tested,14.462,16.821,64800.057,.2,114.316,5.31,19.6,20.7, ,3.6,82.4
OMN,Asia,Oman,84,43.1,.19,97,2020-06-15,23481,1404,104,5,4598.147,274.937,20.366,.979, ,3283, ,.643,3087,.605,people tested,14.98,2.355,37960.709, ,266.342,12.61,.5,15.6,97.4,1.6,77.86
PAK,Asia,Pakistan,50,35.5,-.63,95,2020-06-15,144478,5248,2729,97,654.065,23.758,12.354,.439,897650,29085,4.064,.132,27402,.124,tests performed,255.573,4.495,5034.708,4,423.031,8.35,2.8,36.7,59.607,.6,67.27
PAN,North America,Panama,0,43.7,-.02,82,2020-06-15,20686,627,437,8,4794.232,145.315,101.28,1.854,90950,1984,21.079,.46,2034,.471,tests performed,55.133,7.918,22267.037,2.2,128.346,8.33,2.4,9.9, ,2.3,78.51
PNG,Oceania,Papua New Guinea, ,27.8,-.68,50,2020-06-15,8,0,0,0,.894,0,0,0, , , , , , , ,18.22,3.808,3823.194, ,561.494,17.65,23.5,48.8, , ,64.5
PRY,South America,Paraguay,0,35.7,-.52,84,2020-06-15,1289,28,11,0,180.721,3.926,1.542,0,48729,648,6.832,.091,1398,.196,samples tested,17.144,6.378,8827.01,1.7,199.128,8.27,5,21.6,79.602,1.3,74.25
PER,South America,Peru,0,49.2,-.25,85,2020-06-15,229736,4604,6688,190,6967.641,139.634,202.84,5.762, , , , ,3718,.113,people tested,25.129,7.151,12236.706,3.5,85.755,5.95,4.8, , ,1.6,76.74
PHL,Asia,Philippines,52,47.6,.05,121,2020-06-15,25930,538,1088,14,236.628,4.91,9.929,.128,484181,7263,4.418,.066,9677,.088,people tested,351.873,4.803,7599.188, ,370.437,7.07,7.8,40.8,78.463,1,71.23
POL,Europe,Poland,0,55.4,.66,87,2020-06-15,29392,375,1247,10,776.609,9.908,32.949,.264,1202024,13282,31.76,.351,18746,.495,samples tested,124.027,16.763,27216.445, ,227.331,5.91,23.3,33.1, ,6.62,78.73
PRT,Europe,Portugal,0,60.3,1.21,89,2020-06-15,36690,227,1517,5,3598.22,22.262,148.774,.49,1017634,10997,99.8,1.078,8604,.844,samples tested,112.371,21.502,27936.896,.5,127.842,9.85,16.3,30, ,3.39,82.05
QAT,Asia,Qatar,69,41.2,.63,94,2020-06-15,79602,1186,73,3,27629.414,411.654,25.338,1.041,295338,4624,102.51,1.605,5099,1.77,people tested,227.322,1.307,116935.6, ,176.69,16.52,.8,26.9, ,1.2,80.23
ROU,Europe,Romania,0,45.8,-.25,95,2020-06-15,21999,320,1410,19,1143.537,16.634,73.294,.988,564278,3682,29.332,.191,8309,.432,tests performed,85.129,17.85,23313.199,5.7,370.946,9.74,22.9,37.1, ,6.892,76.05
RUS,Europe,Russia,0,44.3,-.06,121,2020-06-15,528964,8835,6948,119,3624.668,60.541,47.61,.815,15161152,280980,103.89,1.925,306447,2.1,tests performed,8.823,14.178,24765.954,.1,431.297,6.18,23.4,58.3, ,8.05,72.58
RWA,Africa,Rwanda,59,34.2,.21,77,2020-06-15,582,41,2,0,44.934,3.165,.154,0,94059,2908,7.262,.225,2257,.174,units unclear,494.869,2.974,1854.211,56,191.375,4.28,4.7,21,4.617, ,69.02
KNA,North America,Saint Kitts and Nevis,0,26.2,.55,66,2020-06-15,15,0,0,0,281.997,0,0,0, , , , , , , ,212.865, ,24654.385, , ,12.84, , , ,2.3,76.23
LCA,North America,Saint Lucia,0,35.3,.2,78,2020-06-15,19,0,0,0,103.469,0,0,0, , , , , , , ,293.187,9.721,12951.839, ,204.62,11.62, , ,87.202,1.3,76.2
VCT,North America,Saint Vincent and the Grenadines,0,33,.2,78,2020-06-15,27,0,0,0,243.359,0,0,0, , , , , , , ,281.787,7.724,10727.146, ,252.675,11.62, , , ,2.6,72.53
SMR,Europe,San Marino,0,31.1, ,94,2020-06-15,694,0,42,0,20449.054,0,1237.551,0, , , , , , , ,556.667, ,56861.47, , ,5.64, , , ,3.8,84.97
STP,Africa,Sao Tome and Principe,34,17.7,-.64,55,2020-06-15,661,2,12,0,3016.048,9.126,54.754,0, , , , , , , ,212.841,2.886,3052.714,32.3,270.113,2.42, , ,41.34,2.9,70.39
SAU,Asia,Saudi Arabia,76,49.3,.32,89,2020-06-15,127541,4233,972,40,3663.511,121.589,27.92,1.149,1126653,20255,32.362,.582,21405,.615,units unclear,15.322,3.295,49045.411, ,259.538,17.72,1.8,25.4, ,2.7,75.13
SEN,Africa,Senegal,45,37.9,-.27,89,2020-06-15,5090,94,60,0,303.991,5.614,3.583,0,62763,1254,3.748,.075,1233,.074,tests performed,82.328,3.008,2470.58,38,241.219,2.42,.4,16.6,20.859, ,67.94
SRB,Europe,Serbia,55,52.3,.11,85,2020-06-15,12310,59,254,1,1809.071,8.671,37.328,.147,308013,5085,45.265,.747,4458,.655,people tested,80.291,17.366,14048.881, ,439.415,10.08,37.7,40.2,97.719,5.609,76
SYC,Africa,Seychelles,53,31.9,.5,79,2020-06-15,11,0,0,0,111.857,0,0,0, , , , , , , ,208.354,8.606,26382.287,1.1,242.648,10.55,7.1,35.7, ,3.6,73.4
SLE,Africa,Sierra Leone,43,38.2,-1.14,61,2020-06-15,1169,37,51,0,146.547,4.638,6.393,0, , , , , , , ,104.7,2.538,1390.3,52.2,325.721,2.42,8.8,41.3,19.275, ,54.7
SGP,Asia,Singapore,93,58.7,2.23,128,2020-06-15,40604,407,26,0,6940.448,69.569,4.444,0,340894, ,58.269, ,7990,1.366,people tested,7915.731,12.922,85535.383, ,92.243,10.99,5.2,28.3, ,2.4,83.62
SVK,Europe,Slovakia,0,47.9,.71,85,2020-06-15,1548,3,28,0,283.535,.549,5.129,0,196770,47,36.041,.009,1028,.188,tests performed,113.128,15.07,30155.152,.7,287.959,7.29,23.1,37.7, ,5.82,77.54
SVN,Europe,Slovenia,82,47.9,1.13,87,2020-06-15,1495,3,109,0,719.119,1.443,52.431,0,88165,567,42.409,.273,576,.277,tests performed,102.619,19.062,31400.84, ,153.493,7.25,20.1,25, ,4.5,81.32
SOM,Africa,Somalia, ,16.6,-2.19,75,2020-06-15,2603,24,88,1,163.781,1.51,5.537,.063, , , , , , , ,23.5,2.731, , ,365.769,6.05, , ,9.831,.9,57.4
ZAF,Africa,South Africa,62,54.8,.34,90,2020-06-15,70038,4302,1480,57,1180.906,72.536,24.954,.961,1148933,26975,19.372,.455,29411,.496,people tested,46.754,5.344,12294.876,18.9,200.38,5.52,8.1,33.2,43.993,2.32,64.13
KOR,Asia,South Korea,0,70.2,1.18,131,2020-06-15,12121,37,277,0,236.419,.722,5.403,0,1084926,5954,21.161,.116,13012,.254,people tested,527.967,13.914,35938.374,.2,85.998,6.8,6.2,40.9, ,12.27,83.03
SSD,Africa,South Sudan,30,21.7,-2.45,56,2020-06-15,1693,0,27,0,151.245,0,2.412,0, , , , , , , , ,3.441,1569.888, ,280.775,10.43, , , , ,57.85
ESP,Europe,Spain,0,65.9,1,121,2020-06-15,244109,181,27136,0,5221.049,3.871,580.39,0, , , , ,33289,.712,tests performed,93.105,19.436,34272.36,1,99.403,7.17,27.4,31.4, ,2.97,83.56
LKA,Asia,Sri Lanka,57,33.9,-.24,124,2020-06-15,1889,5,11,0,88.216,.234,.514,0, , , , , , , ,341.955,10.069,11669.077,.7,197.093,10.68,.3,27, ,3.6,76.98
SDN,Africa,Sudan,57,26.2,-1.62,78,2020-06-15,7220,341,459,26,164.655,7.777,10.468,.593, , , , , , , ,23.258,3.548,4466.507, ,431.388,15.67, , ,23.437,.8,65.31
SUR,South America,Suriname,0,36.5,-.66,78,2020-06-15,208,12,3,0,354.565,20.456,5.114,0, , , , , , , ,3.612,6.933,13767.119, ,258.314,12.54,7.4,42.9,67.779,3.1,71.68
SWZ,Africa,Swaziland,0,31.1,-.66,77,2020-06-15,490,4,4,1,422.354,3.448,3.448,.862, , , , , , , ,79.492,3.163,7738.975, ,333.436,3.94,1.7,16.5,24.097,2.1,60.19
SWE,Europe,Sweden,89,72.1,1.83,127,2020-06-15,51614,683,4874,0,5110.666,67.629,482.609,0, , , , , , , ,24.718,19.985,46949.283,.5,133.982,4.79,18.8,18.9, ,2.22,82.8
CHE,Europe,Switzerland,0,67,2.04,96,2020-06-15,31034,23,1676,0,3585.831,2.658,193.654,0,468642,6490,54.149,.75,5400,.624,tests performed,214.243,18.436,57410.166, ,99.739,5.59,22.6,28.9, ,4.53,83.78
SYR,Asia,Syria,0,19.9,-1.67,69,2020-06-15,177,7,6,0,10.114,.4,.343,0, , , , , , , , , , , ,376.264, , , ,70.598,1.5,72.7
TJK,Asia,Tajikistan,0,32.3,-1.69,40,2020-06-15,5035,64,50,0,527.908,6.71,5.242,0, , , , , , , ,64.281,3.466,2896.913,4.8,427.698,7.11, , ,72.704,4.8,71.1
TZA,Africa,Tanzania,49,36.4,-.76,75,2020-06-15,509,0,21,0,8.521,0,.352,0, , , , , , , ,64.699,3.108,2683.304,49.1,217.288,5.75,3.3,26.7,47.953,.7,65.46
THA,Asia,Thailand,76,73.2,.35,138,2020-06-15,3135,1,58,0,44.914,.014,.831,0, , , , , , , ,135.132,11.373,16277.671,.1,109.861,7.04,1.9,38.8,90.67,2.1,77.15
TLS,Asia,Timor,34,26,-.98,70,2020-06-15,24,0,0,0,18.203,0,0,0, , , , , , , ,87.176,3.556,6570.102,30.3,335.346,6.86,6.3,78.1,28.178,5.9,69.5
TGO,Africa,Togo,36,32.5,-1.06,85,2020-06-15,531,1,13,0,64.14,.121,1.57,0, , , , , , , ,143.366,2.839,1429.813,49.2,280.033,6.15,.9,14.2,10.475,.7,61.04
TTO,North America,Trinidad and Tobago,0,36.6,.19,79,2020-06-15,123,6,8,0,87.889,4.287,5.716,0, , , , , , , ,266.886,10.014,28763.071, ,228.467,10.97, , ,89.443,3,73.51
TUN,Africa,Tunisia,59,33.7,-.11,68,2020-06-15,1096,2,49,0,92.735,.169,4.146,0,67398, ,5.703, ,1653,.14,units unclear,74.228,8.001,10849.297,2,318.991,8.52,1.1,65.8,78.687,2.3,76.7
TUR,Asia,Turkey,0,52.4,.01,80,2020-06-15,178239,1562,4807,15,2113.362,18.52,56.996,.178,2674203,42032,31.708,.498,42321,.502,tests performed,104.914,8.153,25129.341,.2,171.285,12.13,14.1,41.1, ,2.81,77.69
UGA,Africa,Uganda,51,44.3,-.61,71,2020-06-15,696,11,0,0,15.216,.24,0,0,130380,2212,2.85,.048,2529,.055,samples tested,213.759,2.168,1697.707,41.6,213.333,2.5,3.4,16.7,21.222,.5,63.37
UKR,Europe,Ukraine,0,38,-.42,88,2020-06-15,31154,648,889,9,712.356,14.817,20.328,.206,497284,7950,11.371,.182,9457,.216,units unclear,77.39,16.462,7894.393,.1,539.849,7.11,13.5,47.4, ,8.8,72.06
ARE,Asia,United Arab Emirates,91,46.7,1.43,122,2020-06-15,42294,394,289,1,4276.268,39.837,29.22,.101, , , , , , , ,112.442,1.144,67293.483, ,317.84,17.26,1.2,37.4, ,1.2,77.97
GBR,Europe,United Kingdom,0,77.9,1.34,121,2020-06-15,295889,1514,41698,36,4358.616,22.302,614.236,.53,3966979,51777,58.436,.763,69919,1.03,tests performed,272.898,18.517,39753.244,.2,122.137,4.28,20,24.7, ,2.54,81.32
USA,North America,United States,87,83.5,1.58,138,2020-06-15,2094069,19543,115732,296,6326.442,59.042,349.641,.894,23984592,449488,72.46,1.358,474943,1.435,units unclear,35.608,15.413,54225.446,1.2,151.089,10.79,19.1,24.6, ,2.77,78.86
URY,South America,Uruguay,0,41.3,.56,78,2020-06-15,848,1,23,0,244.118,.288,6.621,0,53265,403,15.334,.116,690,.199,tests performed,19.751,14.655,20551.409,.1,160.708,6.93,14,19.9, ,2.8,77.91
UZB,Asia,Uzbekistan,0,34.3,-.55,76,2020-06-15,5103,109,19,0,152.469,3.257,.568,0, , , , , , , ,76.134,4.469,6253.104, ,724.417,7.57,1.3,24.7, ,4,71.72
VEN,South America,Venezuela,0,23,-1.58,78,2020-06-15,2978,74,25,1,104.727,2.602,.879,.035, , , , , , , ,36.253,6.614,16745.022, ,204.85,6.47, , , ,.8,72.06
VNM,Asia,Vietnam,57,49.1,0,128,2020-06-15,334,0,0,0,3.431,0,0,0, , , , , , , ,308.127,7.15,6171.884,2,245.465,6,1,45.9,85.847,2.6,75.4
YEM,Asia,Yemen,0,18.5,-2.24,51,2020-06-15,728,23,164,4,24.408,.771,5.499,.134, , , , , , , ,53.508,2.922,1479.147,18.8,495.003,5.35,7.6,29.2,49.542,.7,66.12
ZMB,Africa,Zambia,42,28.7,-.56,73,2020-06-15,1358,1,11,1,73.869,.054,.598,.054, , , , , , , ,22.995,2.48,3689.251,57.5,234.499,3.94,3.1,24.7,13.938,2,63.89
ZWE,Africa,Zimbabwe,40,38.2,-1.2,71,2020-06-15,383,27,4,0,25.769,1.817,.269,0,24613,507,1.656,.034,387,.026,tests performed,42.729,2.822,1899.775,21.4,307.846,1.82,1.6,30.7,36.791,1.7,61.49
