iso_code,continent,location,RS,GHSI,WGI,Day,date,total_cases,new_cases,total_deaths,new_deaths,total_cases_per_million,new_cases_per_million,total_deaths_per_million,new_deaths_per_million,total_tests,new_tests,total_tests_per_thousand,new_tests_per_thousand,new_tests_smoothed,new_tests_smoothed_per_thousand,tests_units,stringency_index,population,population_density,median_age,aged_65_older,aged_70_older,gdp_per_capita,extreme_poverty,cvd_death_rate,diabetes_prevalence,female_smokers,male_smokers,handwashing_facilities,hospital_beds_per_thousand,life_expectancy,filter_$
AFG,Asia,Afghanistan,38,32.3,-1.46,112,2020-07-01,31517,279,746,13,809.616,7.167,19.163,.334, , , , , , , , ,38928341,54.422,18.6,2.581,1.337,1803.987, ,597.029,9.59, , ,37.746,.5,64.83,1
ALB,Europe,Albania,62,52.9,.11,98,2020-07-01,2535,69,62,4,880.881,23.977,21.544,1.39, , , , , , , , ,2877800,104.871,38,13.188,8.643,11803.431,1.1,304.195,10.08,7.1,51.2, ,2.89,78.57,1
DZA,Africa,Algeria,0,23.6,-.44,115,2020-07-01,13907,336,912,7,317.142,7.662,20.798,.16, , , , , , , , ,43851043,17.348,29.1,6.211,3.857,13913.839,.5,278.364,6.73,.7,30.4,83.741,1.9,76.88,1
AND,Europe,Andorra,0,30.5,1.94,104,2020-07-01,855,0,52,0,11065.812,0,673.008,0, , , , , , , , ,77265,163.755, , , , , ,109.135,7.97,29,37.8, , ,83.73,1
AGO,Africa,Angola,0,25.2,-1.05,85,2020-07-01,284,8,13,2,8.641,.243,.396,.061, , , , , , , , ,32866268,23.89,16.8,2.405,1.362,5819.495, ,276.045,3.94, , ,26.664, ,61.15,1
AIA,North America,Anguilla, ,25.2,.83,80,2020-07-01,3,0,0,0,199.973,0,0,0, , , , , , , , ,15002, , , , , , , , , , , , ,81.88,1
ATG,North America,Antigua and Barbuda,0,29,-.01,96,2020-07-01,66,0,3,0,673.965,0,30.635,0, , , , , , , , ,97928,231.845,32.1,6.933,4.631,21490.943, ,191.511,13.17, , , ,3.8,77.02,1
ARG,South America,Argentina,0,58.6,.03,103,2020-07-01,64517,2262,1307,27,1427.501,50.049,28.919,.597, , , , , , , , ,45195777,16.177,31.9,11.198,7.441,18933.907,.6,191.032,5.5,16.2,27.7, ,5,76.67,1
ARM,Asia,Armenia,90,50.2,-.02,105,2020-07-01,25542,415,443,10,8619.637,140.05,149.499,3.375, , , , , , , , ,2963234,102.931,35.7,11.232,7.571,8787.58,1.8,341.01,7.11,1.5,52.1,94.043,4.2,75.09,1
AUS,Oceania,Australia,92,75.5,1.6,141,2020-07-01,7834,67,104,0,307.217,2.627,4.078,0, , , , , , , , ,25499881,3.202,37.9,15.504,10.129,44648.71,.5,107.791,5.07,13,16.5, ,3.84,83.44,1
AUT,Europe,Austria,0,58.5,1.45,111,2020-07-01,17777,111,705,2,1973.819,12.325,78.278,.222, , , , , , , , ,9006400,106.749,44.4,19.202,13.748,45436.686,.7,145.183,6.35,28.4,30.9, ,7.37,81.54,1
AZE,Asia,Azerbaijan,0,34.2,-.1,108,2020-07-01,17524,556,213,7,1728.346,54.837,21.008,.69, , , , , , , , ,10139175,119.309,32.4,6.018,3.871,15847.419, ,559.812,7.11,.3,42.5,83.241,4.7,73,1
BHS,North America,Bahamas,0,30.6,.54,91,2020-07-01,104,0,11,0,264.464,0,27.972,0, , , , , , , , ,393248,39.497,34.3,8.996,5.2,27717.847, ,235.954,13.17,3.1,20.4, ,2.9,73.92,1
BHR,Asia,Bahrain,80,39.4,.18,115,2020-07-01,26758,519,87,3,15725.357,305.01,51.129,1.763, , , , , , , , ,1701583,1935.907,32.4,2.372,1.387,43290.705, ,151.689,16.52,5.8,37.6, ,2,77.29,1
BGD,Asia,Bangladesh,50,35,-.75,98,2020-07-01,145483,3682,1847,64,883.378,22.357,11.215,.389, , , , , , , , ,164689383,1265.036,27.5,5.098,3.262,3523.984,14.8,298.003,8.38,1,44.7,34.808,.8,72.59,1
BRB,North America,Barbados,0,31.9,.43,89,2020-07-01,97,0,7,0,337.543,0,24.359,0, , , , , , , , ,287371,664.463,39.8,14.952,9.473,16978.068, ,170.05,13.57,1.9,14.5,88.469,5.8,79.19,1
BLR,Europe,Belarus,0,35.3,-.3,108,2020-07-01,62118,328,392,5,6573.806,34.711,41.484,.529, , , , , , , , ,9449321,46.858,40.3,14.799,9.788,17167.967, ,443.129,5.18,10.5,46.1, ,11,74.79,1
BEL,Europe,Belgium,85,61,1.17,132,2020-07-01,61509,82,9754,2,5307.251,7.075,841.615,.173, , , , , , , , ,11589616,375.564,41.8,18.571,12.849,42658.576,.2,114.898,4.29,25.1,31.4, ,5.64,81.63,1
BLZ,North America,Belize,0,31.8,-.59,59,2020-07-01,28,4,2,0,70.419,10.06,5.03,0, , , , , , , , ,397621,16.426,25,3.853,2.279,7824.362, ,176.957,17.11, , ,90.083,1.3,74.62,1
BEN,Africa,Benin,34,28.8,-.57,90,2020-07-01,1199,12,21,2,98.901,.99,1.732,.165, , , , , , , , ,12123198,99.11,18.8,3.244,1.942,2064.236,49.6,235.848,.99,.6,12.3,11.035,.5,61.77,1
BTN,Asia,Bhutan,44,40.3,.36,100,2020-07-01,77,0,0,0,99.791,0,0,0, , , , , , , , ,771612,21.188,28.6,4.885,2.977,8708.597,1.5,217.066,9.75, , ,79.807,1.7,71.78,1
BOL,South America,Bolivia,0,35.8,-.32,96,2020-07-01,33219,1094,1123,52,2845.791,93.72,96.205,4.455, , , , , , , , ,11673029,10.202,25.4,6.704,4.393,6885.829,7.1,204.299,6.89, , ,25.383,1.1,71.51,1
BES,North America,Bonaire Sint Eustatius and Saba,0,42.8,-.62,101,2020-07-01,7,0,0,0,266.962,0,0,0, , , , , , , , ,26221, , , , , , , , , , , , ,77.79,1
BIH,Europe,Bosnia and Herzegovina,40,31.1,.47,78,2020-07-01,4453,110,185,2,1357.285,33.528,56.388,.61, , , , , , , , ,3280815,68.496,42.5,16.569,10.711,11713.895,.2,329.635,10.08,30.2,47.7,97.164,3.5,77.4,1
BWA,Africa,Botswana,0,59.7,-.45,111,2020-07-01,227,52,1,0,96.529,22.112,.425,0, , , , , , , ,49.07,2351625,4.044,25.8,3.941,2.242,15807.374, ,237.372,4.81,5.7,34.4, ,1.8,69.59,1
BRA,South America,Brazil,0,32.6,1.25,97,2020-07-01,1402041,33846,59594,1280,6595.996,159.231,280.364,6.022, , , , , , , , ,212559409,25.04,33.5,8.552,5.06,14103.452,3.4,177.961,8.11,10.1,17.9, ,2.2,75.88,1
BRN,Asia,Brunei,0,45.6,.27,77,2020-07-01,141,0,3,0,322.298,0,6.857,0, , , , , , , , ,437483,81.347,32.4,4.591,2.382,71809.251, ,201.285,12.79,2,30.9, ,2.7,75.86,1
BGR,Europe,Bulgaria,34,30.1,-.58,97,2020-07-01,4989,158,230,7,718.002,22.739,33.101,1.007, , , , , , , , ,6948445,65.18,44.7,20.801,13.272,18563.307,1.5,424.688,5.81,30.1,44.4, ,7.454,75.05,1
BFA,Africa,Burkina Faso,30,22.8,-1.42,75,2020-07-01,962,3,53,0,46.021,.144,2.535,0, , , , , , , , ,20903278,70.151,17.6,2.409,1.358,1703.102,43.7,269.048,2.42,1.6,23.9,11.877,.4,61.58,1
BDI,Africa,Burundi,48,39.2,-.57,139,2020-07-01,170,0,1,0,14.297,0,.084,0, , , , , , , , ,11890781,423.062,17.5,2.562,1.504,702.225,71.7,293.068,6.05, , ,6.144,.8,61.58,1
CMR,Africa,Cameroon,38,34.4,-.8,100,2020-07-01,12592,0,313,0,474.349,0,11.791,0, , , , , , , , ,26545864,50.885,18.8,3.165,1.919,3364.926,23.8,244.661,7.2, , ,2.735,1.3,59.29,1
CAN,North America,Canada,93,75.3,1.72,144,2020-07-01,104193,286,8591,25,2760.653,7.578,227.623,.662, , , , , , , , ,37742157,4.037,41.4,16.984,10.797,44017.591,.5,105.599,7.37,12,16.6, ,2.5,82.43,1
CPV,Africa,Cape Verde, ,29.3,.32,86,2020-07-01,1227,62,15,3,2206.882,111.513,26.979,5.396, , , , , , , , ,555988,135.58,25.7,4.46,3.437,6222.554, ,182.219,2.42,2.1,16.5, ,2.1,72.98,1
CAF,Africa,Central African Republic,26,27.3,-1.72,86,2020-07-01,3745,132,47,0,775.4,27.331,9.731,0, , , , , , , , ,4829764,7.479,18.3,3.655,2.251,661.24, ,435.727,6.1, , ,16.603,1,53.28,1
TCD,Africa,Chad,29,28.8,-1.53,87,2020-07-01,866,0,74,0,52.722,0,4.505,0, , , , , , , , ,16425859,11.833,16.7,2.486,1.446,1768.153,38.4,280.995,6.1, , ,5.818, ,54.24,1
CHL,South America,Chile,0,58.3,1.08,103,2020-07-01,279393,3394,5688,113,14615.502,177.546,297.549,5.911, , , , , , , , ,19116209,24.282,35.4,11.087,6.938,22767.037,1.3,127.993,8.46,34.2,41.5, ,2.11,80.18,1
CHN,Asia,China,0,48.2,.48,196,2020-07-01,84785,5,4641,0,58.906,.003,3.224,0, , , , , , , , ,1439323774,147.674,38.7,10.641,5.929,15308.712,.7,261.899,9.74,1.9,48.4, ,4.34,76.91,1
COL,South America,Colombia,0,44.2,-.09,100,2020-07-01,97846,2803,3334,111,1922.965,55.087,65.523,2.181, , , , , , , , ,50882884,44.223,32.2,7.646,4.312,13254.949,4.5,124.24,7.44,4.7,13.5,65.386,1.71,77.29,1
COM,Africa,Comoros,34,27.2,-.44,54,2020-07-01,303,31,7,0,348.438,35.649,8.05,0, , , , , , , , ,869595,437.352,20.4,2.963,1.726,1413.89,18.1,261.516,11.88,4.4,23.6,15.574,2.2,64.32,1
COG,Africa,Congo,28,23.6,-1.22,92,2020-07-01,1245,0,40,0,225.621,0,7.249,0, , , , , , , , ,5518092,15.405,19,3.402,2.063,4881.406,37,344.094,7.2,1.7,52.3,47.964, ,64.57,1
CRI,North America,Costa Rica,0,45.1,.38,114,2020-07-01,3459,190,16,1,679.019,37.298,3.141,.196, , , , , , , , ,5094114,96.079,33.6,9.468,5.694,15524.995,1.3,137.973,8.78,6.4,17.4,83.841,1.13,80.28,1
CIV,Africa,Cote d'Ivoire,42,35.5,-.57,95,2020-07-01,9499,285,68,2,360.107,10.804,2.578,.076, , , , , , , , ,26378275,76.399,18.7,2.933,1.582,3601.006,28.2,303.74,2.42, , ,19.351, ,57.78,1
HRV,Europe,Croatia,0,53.3,.46,111,2020-07-01,2777,52,107,0,676.448,12.667,26.064,0, , , , , , , , ,4105268,73.726,44,19.724,13.053,22669.797,.7,253.782,5.59,34.3,39.9, ,5.54,78.49,1
CUB,North America,Cuba,0,35.2,-.24,112,2020-07-01,2341,1,86,0,206.681,.088,7.593,0, , , , , , , , ,11326616,110.408,43.1,14.738,9.719, , ,190.968,8.27,17.1,53.3,85.198,5.2,78.8,1
CYP,Europe,Cyprus,0,43,.92,97,2020-07-01,998,2,19,0,1139.401,2.283,21.692,0, , , , , , , , ,875899,127.657,37.3,13.416,8.563,32415.132, ,141.171,9.24,19.6,52.7, ,3.4,80.98,1
CZE,Europe,Czech Republic, ,52,.92,105,2020-07-01,11954,149,349,1,1116.259,13.914,32.589,.093, , , , , , , , ,10708982,137.176,43.3,19.027,11.58,32605.906, ,227.485,6.82,30.5,38.3, ,6.63,79.38,1
COD,Africa,Democratic Republic of Congo,35,26.5,-1.55,96,2020-07-01,7038,99,169,2,78.583,1.105,1.887,.022, , , , , , , , ,89561404,35.879,17,3.02,1.745,808.133,77.1,318.949,6.1, , ,4.472, ,60.68,1
DNK,Europe,Denmark,0,70.4,1.87,109,2020-07-01,12768,17,605,0,2204.343,2.935,104.451,0, , , , , , , , ,5792203,136.52,42.3,19.677,12.325,46682.515,.2,114.767,6.41,19.3,18.8, ,2.5,80.9,1
DJI,Africa,Djibouti,31,23.2,-.9,92,2020-07-01,4682,26,54,1,4738.857,26.316,54.656,1.012, , , , , , , , ,988002,41.285,25.4,4.213,2.38,2705.406,22.5,258.037,6.05,1.7,24.5, ,1.4,67.11,1
DMA,North America,Dominica,0,24,-.29,84,2020-07-01,18,0,0,0,250.031,0,0,0, , , , , , , , ,71991,98.567, , , ,9673.367, ,227.376,11.62, , , ,3.8,75,1
DOM,North America,Dominican Republic,0,38.3,-.4,105,2020-07-01,32568,752,747,14,3002.239,69.322,68.861,1.291, , , , , , , , ,10847904,222.873,27.6,6.981,4.419,14600.861,1.6,266.653,8.2,8.5,19.1,55.182,1.6,74.08,1
ECU,South America,Ecuador,0,50.1,-.26,122,2020-07-01,56432,767,4527,25,3198.538,43.473,256.588,1.417, , , , , , , , ,17643060,66.939,28.1,7.104,4.458,10581.936,3.6,140.448,5.55,2,12.3,80.635,1.5,77.01,1
EGY,Africa,Egypt,0,39.9,-.58,122,2020-07-01,68311,1557,2953,81,667.527,15.215,28.856,.792, , , , , , , , ,102334403,97.999,25.3,5.159,2.891,10550.206,1.3,525.432,17.31,.2,50.1,89.827,1.6,71.99,1
SLV,North America,El Salvador,0,44.2,-.45,88,2020-07-01,6438,265,174,10,992.569,40.856,26.826,1.542, , , , , , , , ,6486201,307.811,27.6,8.273,5.417,7292.458,2.2,167.295,8.87,2.5,18.8,90.65,1.3,73.32,1
GNQ,Africa,Equatorial Guinea,0,16.2,-1.29,88,2020-07-01,2001,0,32,0,1426.245,0,22.809,0, , , , , , , , ,1402985,45.194,22.4,2.846,1.752,22604.873, ,202.812,7.78, , ,24.64,2.1,58.74,1
ERI,Africa,Eritrea,46,22.4,-1.73,64,2020-07-01,203,12,0,0,57.241,3.384,0,0, , , , , , , , ,3546427,44.304,19.3,3.607,2.171,1510.459, ,311.11,6.05,.2,11.4, ,.7,66.32,1
EST,Europe,Estonia,0,57,1.19,109,2020-07-01,1989,2,69,0,1499.391,1.508,52.015,0, , , , , , , , ,1326539,31.033,42.7,19.452,13.491,29481.252,.5,255.569,4.02,24.5,39.3, ,4.69,78.74,1
ETH,Africa,Ethiopia,52,40.6,-.61,93,2020-07-01,5846,0,103,0,50.851,0,.896,0, , , , , , , , ,114963583,104.957,19.8,3.526,2.063,1729.927,26.7,182.634,7.47,.4,8.5,7.96,.3,66.6,1
FJI,Oceania,Fiji,0,25.7,.26,87,2020-07-01,18,0,0,0,20.079,0,0,0, , , , , , , , ,896444,49.562,28.6,6.224,3.284,8702.975,1.4,412.82,14.49,10.2,34.8, ,2.3,67.44,1
FIN,Europe,Finland,86,68.7,1.98,138,2020-07-01,7214,5,328,0,1301.997,.902,59.198,0, , , , , , , , ,5540718,18.136,42.8,21.228,13.264,40585.721, ,153.507,5.76,18.3,22.6, ,3.28,81.91,1
FRA,Europe,France,0,68.2,1.48,142,2020-07-01,164801,541,29843,30,2524.776,8.288,457.199,.46, , , , , , , , ,65273512,122.578,42,19.718,13.079,38605.671, ,86.06,4.77,30.1,35.6, ,5.98,82.66,1
GAB,Africa,Gabon,27,20,-.81,94,2020-07-01,5394,0,42,0,2423.477,0,18.87,0, , , , , , , , ,2225728,7.859,23.1,4.45,2.976,16562.413,3.4,259.967,7.2, , , ,6.3,66.47,1
GMB,Africa,Gambia,32,34.2,-.62,89,2020-07-01,47,0,2,0,19.448,0,.828,0, , , , , , , , ,2416664,207.566,17.5,2.339,1.417,1561.767,10.1,331.43,1.91,.7,31.2,7.876,1.1,62.05,1
GEO,Asia,Georgia,57,52,.61,110,2020-07-01,928,0,15,0,232.63,0,3.76,0, , , , , , , , ,3989175,65.032,38.7,14.864,10.244,9745.079,4.2,496.218,7.11,5.3,55.5, ,2.6,73.77,1
DEU,Europe,Germany,0,66,1.62,139,2020-07-01,194725,466,8985,12,2324.133,5.562,107.24,.143, , , , , , , , ,83783945,237.016,46.6,21.453,15.957,45229.245, ,156.139,8.31,28.2,33.1, ,8,81.33,1
GHA,Africa,Ghana,45,35.5,-.21,94,2020-07-01,17741,390,112,0,570.947,12.551,3.604,0, , , , , , , , ,31072945,126.719,21.1,3.385,1.948,4227.63,12,298.245,4.97,.3,7.7,41.047,.9,64.07,1
GRC,Europe,Greece,0,53.8,.34,110,2020-07-01,3409,19,192,1,327.063,1.823,18.421,.096, , , , , , , , ,10423056,83.479,45.3,20.396,14.524,24574.382,1.5,175.695,4.55,35.3,52, ,4.21,82.24,1
GRD,North America,Grenada,0,27.5,-.25,84,2020-07-01,23,0,0,0,204.41,0,0,0, , , , , , , , ,112519,317.132,29.4,7.304,5.021,13593.877, ,243.964,10.71, , , ,3.7,72.4,1
GTM,North America,Guatemala,0,32.7,-.68,93,2020-07-01,18096,687,773,27,1010.071,38.347,43.147,1.507, , , , , , , , ,17915567,157.834,22.9,4.694,3.016,7423.808,8.7,155.898,10.18, , ,76.665,.6,74.3,1
GIN,Africa,Guinea,35,32.7,-.97,93,2020-07-01,5391,40,33,2,410.499,3.046,2.513,.152, , , , , , , , ,13132792,51.755,19,3.135,1.733,1998.926,35.3,336.717,2.42, , ,17.45,.3,61.6,1
GNB,Africa,Guinea-Bissau,30,20,-1.49,81,2020-07-01,1654,40,24,3,840.448,20.325,12.195,1.524, , , , , , , , ,1967998,66.191,19.4,3.002,1.565,1548.675,67.1,382.474,2.42, , ,6.403, ,58.32,1
GUY,South America,Guyana,0,31.7,-.27,95,2020-07-01,245,10,12,0,311.483,12.714,15.256,0, , , , , , , , ,786559,3.952,26.3,5.305,2.837,7435.047, ,373.159,11.62, , ,77.159,1.6,69.91,1
HTI,North America,Haiti,0,31.5,-1.91,87,2020-07-01,5975,42,105,0,524.006,3.683,9.208,0, , , , , , , , ,11402533,398.448,24.3,4.8,2.954,1653.173,23.5,430.548,6.65,2.9,23.1,22.863,.7,64,1
HND,North America,Honduras,0,27.6,-.62,96,2020-07-01,19558,740,497,12,1974.636,74.713,50.179,1.212, , , , , , , , ,9904608,82.805,24.9,4.652,2.883,4541.795,16,240.208,7.21,2, ,84.169,.7,75.27,1
HUN,Europe,Hungary,0,54,.49,102,2020-07-01,4155,10,585,0,430.109,1.035,60.557,0, , , , , , , , ,9660350,108.043,43.4,18.577,11.976,26777.561,.5,278.296,7.55,26.8,34.8, ,7.02,76.88,1
ISL,Europe,Iceland,0,46.3,1.47,108,2020-07-01,1842,2,10,0,5397.802,5.861,29.304,0, , , , , , , , ,341250,3.404,37.3,14.431,9.207,46482.958,.2,117.992,5.31,14.3,15.2, ,2.91,82.99,1
IND,Asia,India,0,46.5,.28,136,2020-07-01,585493,18653,17400,507,424.269,13.517,12.609,.367, , , , , , , , ,1380004385,450.419,28.2,5.989,3.414,6426.674,21.2,282.28,10.39,1.9,20.6,59.55,.53,69.66,1
IDN,Asia,Indonesia,64,56.6,.18,104,2020-07-01,56385,1293,2876,71,206.143,4.727,10.515,.26, , , , , , , , ,273523621,145.725,29.3,5.319,3.053,11188.744,5.7,342.864,6.32,2.8,76.1,64.204,1.04,71.72,1
IRN,Asia,Iran,0,37.7,-.43,117,2020-07-01,227662,2457,10817,147,2710.489,29.252,128.785,1.75, , , , , , , , ,83992953,49.831,32.4,5.44,3.182,19082.62,.2,270.308,9.59,.8,21.1, ,1.5,76.68,1
IRQ,Asia,Iraq,46,25.8,-1.32,105,2020-07-01,49109,1958,1943,104,1220.933,48.679,48.306,2.586, , , , , , , , ,40222503,88.125,20,3.186,1.957,15663.986,2.5,218.612,8.83, , ,94.576,1.4,70.6,1
IRL,Europe,Ireland,0,59,1.42,107,2020-07-01,25473,11,1736,1,5158.779,2.228,351.574,.203, , , , , , , , ,4937796,69.874,38.7,13.928,8.678,67335.293,.2,126.459,3.28,23,25.7, ,2.96,82.3,1
ISR,Asia,Israel,0,47.3,1.21,115,2020-07-01,25244,803,320,1,2916.513,92.773,36.971,.116, , , , , , , , ,8655541,402.606,30.6,11.733,7.359,33132.32,.5,93.32,6.74,15.4,35.4, ,2.99,82.97,1
ITA,Europe,Italy,0,56.2,.41,136,2020-07-01,240578,142,34767,23,3979.006,2.349,575.024,.38, , , , , , , , ,60461828,205.859,47.9,23.021,16.24,35220.084,2,113.151,4.78,19.8,27.8, ,3.18,83.51,1
JAM,North America,Jamaica,0,29,.5,96,2020-07-01,702,4,10,0,237.069,1.351,3.377,0, , , , , , , , ,2961161,266.879,31.4,9.684,6.39,8193.571, ,206.537,11.28,5.3,28.6,66.425,1.7,74.47,1
JPN,Asia,Japan,92,59.8,1.68,150,2020-07-01,18723,130,974,2,148.035,1.028,7.701,.016, , , , , , , , ,126476458,347.778,48.2,27.049,18.493,39002.223, ,79.37,5.72,11.2,33.7, ,13.05,84.63,1
JOR,Asia,Jordan,57,42.1,.11,104,2020-07-01,1132,4,9,0,110.946,.392,.882,0, , , , , , , , ,10203140,109.285,23.2,3.81,2.361,8337.49,.1,208.257,11.75, , , ,1.4,74.53,1
KAZ,Asia,Kazakhstan,0,40.7,.02,94,2020-07-01,21819,0,188,0,1162.025,0,10.012,0, , , , , , , , ,18776707,6.681,30.6,6.991,4.625,24055.588,.1,466.792,7.11,7,43.1,98.999,6.7,73.6,1
KEN,Africa,Kenya,50,47.1,-.41,93,2020-07-01,6366,176,148,4,118.39,3.273,2.752,.074, , , , , , , , ,53771300,87.324,20,2.686,1.528,2993.028,36.8,218.637,2.92,1.2,20.4,24.651,1.4,66.7,1
KWT,Asia,Kuwait,74,46.1,-.09,81,2020-07-01,46195,671,354,4,10817.075,157.122,82.893,.937, , , , , , , , ,4270563,232.128,33.7,2.345,1.114,65530.537, ,132.235,15.84,2.7,37, ,2,75.49,1
KGZ,Asia,Kyrgyzstan,75,49.3,-.61,88,2020-07-01,5735,439,62,5,879.036,67.288,9.503,.766, , , , , , , , ,6524191,32.333,26.3,4.489,2.882,3393.474,1.4,436.362,7.11,3.6,50.5,89.22,4.5,71.45,1
LAO,Asia,Laos,53,43.1, ,90,2020-07-01,19,0,0,0,2.611,0,0,0, , , , , , , , ,7275556,29.715,24.4,4.029,2.322,6397.36,22.7,368.111,4,7.3,51.2,49.839,1.5,67.92,1
LVA,Europe,Latvia,73,62.9,1.04,104,2020-07-01,1118,1,30,0,592.725,.53,15.905,0, , , , , , , , ,1886202,31.212,43.9,19.754,14.136,25063.846,.7,350.06,4.91,25.6,51, ,5.57,75.29,1
LBN,Asia,Lebanon,56,43.1,-.64,115,2020-07-01,1778,33,34,0,260.496,4.835,4.981,0, , , , , , , , ,6825442,594.561,31.1,8.514,5.43,13367.565, ,266.591,12.71,26.9,40.7, ,2.9,78.93,1
LSO,Africa,Lesotho,38,30.2,.08,34,2020-07-01,27,0,0,0,12.604,0,0,0, , , , , , , , ,2142252,73.562,22.2,4.506,2.647,2851.153,59.6,405.126,3.94,.4,53.9,2.117, ,54.33,1
LBR,Africa,Liberia,46,35.1,-1.34,90,2020-07-01,780,10,36,0,154.221,1.977,7.118,0, , , , , , , , ,5057677,49.127,19.2,3.057,1.756,752.788,38.6,272.509,2.42,1.5,18.1,1.188,.8,64.1,1
LBY,Africa,Libya,44,25.7,-1.85,82,2020-07-01,824,62,24,3,119.919,9.023,3.493,.437, , , , , , , , ,6871287,3.623,29,4.424,2.816,17881.509, ,341.862,10.43, , , ,3.7,72.91,1
LIE,Europe,Liechtenstein, ,43.5,1.74,103,2020-07-01,83,0,1,0,2176.364,0,26.221,0, , , , , , , , ,38137,237.012, , , , , , ,7.77, , , ,2.397,82.49,1
LTU,Europe,Lithuania,74,55,1.07,108,2020-07-01,1817,1,78,0,667.453,.367,28.652,0, , , , , , , , ,2722291,45.135,43.5,19.002,13.778,29524.265,.7,342.989,3.67,21.3,38, ,6.56,75.93,1
LUX,Europe,Luxembourg,0,43.8,1.78,107,2020-07-01,4299,43,110,0,6867.675,68.693,175.726,0, , , , , , , , ,625976,231.447,39.7,14.312,9.842,94277.965,.2,128.275,4.42,20.9,26, ,4.51,82.25,1
MKD,Europe,Macedonia, ,39.1,.09,110,2020-07-01,6350,126,302,4,3047.932,60.479,144.957,1.92, , , , , , , , ,2083380,82.6,39.1,13.26,8.16,13111.214,5,322.688,10.08, , , ,4.28,75.8,1
MDG,Africa,Madagascar,37,40.1,-1.15,86,2020-07-01,2214,76,20,0,79.954,2.745,.722,0, , , , , , , , ,27691019,43.951,19.6,2.929,1.686,1416.44,77.6,405.994,3.94, , ,50.54,.2,67.04,1
MWI,Africa,Malawi,30,28,-.73,74,2020-07-01,1265,41,16,2,66.127,2.143,.836,.105, , , , , , , , ,19129955,197.519,18.1,2.979,1.783,1095.042,71.4,227.349,3.94,4.4,24.7,8.704,1.3,64.26,1
MYS,Asia,Malaysia,0,62.2,1.08,141,2020-07-01,8639,2,121,0,266.916,.062,3.738,0, , , , , , , , ,32365998,96.254,29.9,6.293,3.407,26808.164,.1,260.942,16.74,1,42.4, ,1.9,76.16,1
MDV,Asia,Maldives,47,33.8,-.49,99,2020-07-01,2361,25,9,1,4367.838,46.25,16.65,1.85, , , , , , , , ,540542,1454.433,30.6,4.12,2.875,15183.616, ,164.905,9.19,2.1,55,95.803, ,78.92,1
MLI,Africa,Mali,35,29,-1,81,2020-07-01,2181,8,116,1,107.699,.395,5.728,.049, , , , , , , , ,20250834,15.196,16.4,2.519,1.486,2014.306, ,268.024,2.42,1.6,23,52.232,.1,59.31,1
MLT,Europe,Malta,0,37.3,.97,99,2020-07-01,670,0,9,0,1517.42,0,20.383,0, , , , , , , , ,441539,1454.037,42.4,19.426,11.324,36513.323,.2,168.711,8.83,20.9,30.2, ,4.485,82.53,1
MRT,Africa,Mauritania,38,27.5,-.73,93,2020-07-01,4149,0,126,0,892.323,0,27.099,0, , , , , , , , ,4649660,4.289,20.3,3.138,1.792,3597.633,6,232.347,2.42, , ,15.95, ,64.92,1
MUS,Africa,Mauritius,60,34.9,.88,115,2020-07-01,341,0,10,0,268.131,0,7.863,0, , , , , , , , ,1271767,622.962,37.4,10.945,5.884,20292.745,.5,224.644,22.02,3.2,40.7, ,3.4,74.99,1
MEX,North America,Mexico,0,57.6,-.15,101,2020-07-01,226089,5432,27769,648,1753.542,42.13,215.376,5.026, , , , , , , , ,128932753,66.444,29.3,6.857,4.321,17336.469,2.5,152.783,13.06,6.9,21.4,87.847,1.38,75.05,1
MDA,Europe,Moldova, ,42.9,-.47,99,2020-07-01,16613,256,545,9,4118.283,63.461,135.103,2.231, , , , , , , , ,4033963,123.655,37.6,10.864,6.955,5189.972,.2,408.502,5.72,5.9,44.6,86.979,5.8,71.9,1
MCO,Europe,Monaco,0,32.7, ,107,2020-07-01,103,0,5,0,2624.605,0,127.408,0, , , , , , , , ,39244,19347.5, , , , , , ,5.46, , , ,13.8,86.75,1
MNG,Asia,Mongolia,59,49.5,-.23,96,2020-07-01,220,0,0,0,67.108,0,0,0, , , , , , , , ,3278292,1.98,28.6,4.031,2.421,11840.846,.5,460.043,4.82,5.5,46.5,71.18,7,69.87,1
MNE,Europe,Montenegro,0,43.7,.13,89,2020-07-01,548,47,12,1,872.525,74.833,19.106,1.592, , , , , , , , ,628062,46.28,39.1,14.762,9.395,16409.288,1,387.305,10.08,44,47.9, ,3.861,76.88,1
MAR,Africa,Morocco,70,43.7,-.21,104,2020-07-01,12533,243,228,3,339.551,6.583,6.177,.081, , , , , , , , ,36910558,80.08,29.6,6.769,4.209,7485.013,1,419.146,7.14,.8,47.1, ,1.1,76.68,1
MOZ,Africa,Mozambique,47,28.1,-.87,84,2020-07-01,889,6,6,0,28.443,.192,.192,0, , , , , , , , ,31255435,37.728,17.7,3.158,1.87,1136.103,62.9,329.942,3.3,5.1,29.1,12.227,.7,60.85,1
MMR,Asia,Myanmar,41,43.4,-1.07,59,2020-07-01,299,0,6,0,5.495,0,.11,0, , , , , , , , ,54409794,81.721,29.1,5.732,3.12,5591.597,6.4,202.104,4.61,6.3,35.2,79.287,.9,67.13,1
NAM,Africa,Namibia,44,35.6,.11,95,2020-07-01,203,7,0,0,79.892,2.755,0,0, , , , , , , , ,2540916,3.078,22,3.552,2.085,9541.808,13.4,243.811,3.94,9.7,34.2,44.6, ,63.71,1
NPL,Asia,Nepal,0,35.1,-.9,161,2020-07-01,13564,316,29,0,465.528,10.845,.995,0, , , , , , , , ,29136808,204.43,25,5.809,3.212,2442.804,15,260.797,7.26,9.5,37.8,47.782,.3,70.78,1
NLD,Europe,Netherlands,0,75.6,1.85,109,2020-07-01,50273,50,6113,6,2933.958,2.918,356.758,.35, , , , , , , , ,17134873,508.544,43.2,18.779,11.881,48472.545, ,109.361,5.29,24.4,27.3, ,3.32,82.28,1
NZL,Oceania,New Zealand,89,54,1.67,108,2020-07-01,1178,0,22,0,244.285,0,4.562,0, , , , , , , , ,4822233,18.206,37.9,15.322,9.72,36085.843, ,128.797,8.08,14.8,17.2, ,2.61,82.29,1
NIC,North America,Nicaragua,0,43.1,-.8,88,2020-07-01,2519,349,83,9,380.252,52.683,12.529,1.359, , , , , , , , ,6624554,51.667,27.3,5.445,3.519,5321.444,3.2,137.016,11.47, , , ,.9,74.48,1
NER,Africa,Niger,34,32.2,-.77,87,2020-07-01,1075,0,67,0,44.409,0,2.768,0, , , , , , , , ,24206636,16.955,15.1,2.553,1.378,926,44.5,238.339,2.42,.1,15.4,8.978,.3,62.42,1
NGA,Africa,Nigeria,39,37.8,-1.02,109,2020-07-01,25694,561,590,17,124.644,2.721,2.862,.082, , , , , , , , ,206139587,209.588,18.1,2.751,1.447,5338.454, ,181.013,2.42,.6,10.8,41.949, ,54.69,1
NOR,Europe,Norway,0,64.6,1.89,110,2020-07-01,8865,10,250,1,1635.234,1.845,46.115,.184, , , , , , , , ,5421242,14.462,39.7,16.821,10.813,64800.057,.2,114.316,5.31,19.6,20.7, ,3.6,82.4,1
OMN,Asia,Oman,84,43.1,.19,112,2020-07-01,40070,1010,176,7,7846.674,197.782,34.465,1.371, , , , , , , , ,5106622,14.98,30.7,2.355,1.53,37960.709, ,266.342,12.61,.5,15.6,97.4,1.6,77.86,1
PAK,Asia,Pakistan,50,35.5,-.63,110,2020-07-01,213470,4133,4395,91,966.398,18.71,19.897,.412, , , , , , , , ,220892331,255.573,23.5,4.495,2.78,5034.708,4,423.031,8.35,2.8,36.7,59.607,.6,67.27,1
PAN,North America,Panama,0,43.7,-.02,97,2020-07-01,33550,765,631,11,7775.621,177.298,146.242,2.549, , , , , , , , ,4314768,55.133,29.7,7.918,5.03,22267.037,2.2,128.346,8.33,2.4,9.9, ,2.3,78.51,1
PNG,Oceania,Papua New Guinea, ,27.8,-.68,65,2020-07-01,11,0,0,0,1.229,0,0,0, , , , , , , , ,8947027,18.22,22.6,3.808,2.142,3823.194, ,561.494,17.65,23.5,48.8, , ,64.5,1
PRY,South America,Paraguay,0,35.7,-.52,99,2020-07-01,2221,30,17,1,311.39,4.206,2.383,.14, , , , , , , , ,7132530,17.144,26.5,6.378,3.833,8827.01,1.7,199.128,8.27,5,21.6,79.602,1.3,74.25,1
PER,South America,Peru,0,49.2,-.25,100,2020-07-01,285213,2848,9677,173,8650.198,86.377,293.493,5.247, , , , , , , , ,32971846,25.129,29.1,7.151,4.455,12236.706,3.5,85.755,5.95,4.8, , ,1.6,76.74,1
PHL,Asia,Philippines,52,47.6,.05,136,2020-07-01,37514,1076,1266,11,342.34,9.819,11.553,.1, , , , , , , , ,109581085,351.873,25.2,4.803,2.661,7599.188, ,370.437,7.07,7.8,40.8,78.463,1,71.23,1
POL,Europe,Poland,0,55.4,.66,102,2020-07-01,34393,239,1463,19,908.747,6.315,38.656,.502, , , , , , , , ,37846605,124.027,41.8,16.763,10.202,27216.445, ,227.331,5.91,23.3,33.1, ,6.62,78.73,1
PRT,Europe,Portugal,0,60.3,1.21,104,2020-07-01,42141,229,1576,8,4132.805,22.458,154.56,.785, , , , , , , , ,10196707,112.371,46.2,21.502,14.924,27936.896,.5,127.842,9.85,16.3,30, ,3.39,82.05,1
QAT,Asia,Qatar,69,41.2,.63,109,2020-07-01,96088,982,113,0,33351.614,340.847,39.222,0, , , , , , , , ,2881060,227.322,31.9,1.307,.617,116935.6, ,176.69,16.52,.8,26.9, ,1.2,80.23,1
ROU,Europe,Romania,0,45.8,-.25,110,2020-07-01,26970,388,1651,17,1401.936,20.169,85.821,.884, , , , , , , , ,19237682,85.129,43,17.85,11.69,23313.199,5.7,370.946,9.74,22.9,37.1, ,6.892,76.05,1
RUS,Europe,Russia,0,44.3,-.06,136,2020-07-01,647849,6693,9320,154,4439.315,45.863,63.864,1.055, , , , , , , , ,145934460,8.823,39.6,14.178,9.393,24765.954,.1,431.297,6.18,23.4,58.3, ,8.05,72.58,1
RWA,Africa,Rwanda,59,34.2,.21,92,2020-07-01,1025,24,2,0,79.137,1.853,.154,0, , , , , , , , ,12952209,494.869,20.3,2.974,1.642,1854.211,56,191.375,4.28,4.7,21,4.617, ,69.02,1
KNA,North America,Saint Kitts and Nevis,0,26.2,.55,81,2020-07-01,15,0,0,0,281.997,0,0,0, , , , , , , , ,53192,212.865, , , ,24654.385, , ,12.84, , , ,2.3,76.23,1
LCA,North America,Saint Lucia,0,35.3,.2,93,2020-07-01,19,0,0,0,103.469,0,0,0, , , , , , , , ,183629,293.187,34.9,9.721,6.405,12951.839, ,204.62,11.62, , ,87.202,1.3,76.2,1
VCT,North America,Saint Vincent and the Grenadines,0,33,.2,93,2020-07-01,29,0,0,0,261.386,0,0,0, , , , , , , , ,110947,281.787,31.8,7.724,4.832,10727.146, ,252.675,11.62, , , ,2.6,72.53,1
SMR,Europe,San Marino,0,31.1, ,109,2020-07-01,698,0,42,0,20566.916,0,1237.551,0, , , , , , , , ,33938,556.667, , , ,56861.47, , ,5.64, , , ,3.8,84.97,1
STP,Africa,Sao Tome and Principe,34,17.7,-.64,70,2020-07-01,714,1,13,0,3257.879,4.563,59.317,0, , , , , , , , ,219161,212.841,18.7,2.886,2.162,3052.714,32.3,270.113,2.42, , ,41.34,2.9,70.39,1
SAU,Asia,Saudi Arabia,76,49.3,.32,104,2020-07-01,190823,4387,1649,50,5481.235,126.013,47.366,1.436, , , , , , , , ,34813867,15.322,31.9,3.295,1.845,49045.411, ,259.538,17.72,1.8,25.4, ,2.7,75.13,1
SEN,Africa,Senegal,45,37.9,-.27,104,2020-07-01,6793,95,112,4,405.699,5.674,6.689,.239, , , , , , , , ,16743930,82.328,18.7,3.008,1.796,2470.58,38,241.219,2.42,.4,16.6,20.859, ,67.94,1
SRB,Europe,Serbia,55,52.3,.11,100,2020-07-01,14564,276,277,3,2140.318,40.561,40.708,.441, , , , , , , , ,6804596,80.291,41.2,17.366, ,14048.881, ,439.415,10.08,37.7,40.2,97.719,5.609,76,1
SYC,Africa,Seychelles,53,31.9,.5,94,2020-07-01,11,0,0,0,111.857,0,0,0, , , , , , , , ,98340,208.354,36.2,8.606,5.586,26382.287,1.1,242.648,10.55,7.1,35.7, ,3.6,73.4,1
SLE,Africa,Sierra Leone,43,38.2,-1.14,76,2020-07-01,1462,12,60,0,183.277,1.504,7.522,0, , , , , , , , ,7976985,104.7,19.1,2.538,1.285,1390.3,52.2,325.721,2.42,8.8,41.3,19.275, ,54.7,1
SGP,Asia,Singapore,93,58.7,2.23,143,2020-07-01,43907,246,26,0,7505.03,42.049,4.444,0, , , , , , , , ,5850343,7915.731,42.4,12.922,7.049,85535.383, ,92.243,10.99,5.2,28.3, ,2.4,83.62,1
SVK,Europe,Slovakia,0,47.9,.71,100,2020-07-01,1667,2,28,0,305.331,.366,5.129,0, , , , , , , , ,5459643,113.128,41.2,15.07,9.167,30155.152,.7,287.959,7.29,23.1,37.7, ,5.82,77.54,1
SVN,Europe,Slovenia,82,47.9,1.13,102,2020-07-01,1600,15,111,0,769.626,7.215,53.393,0, , , , , , , , ,2078932,102.619,44.5,19.062,12.93,31400.84, ,153.493,7.25,20.1,25, ,4.5,81.32,1
SOM,Africa,Somalia, ,16.6,-2.19,90,2020-07-01,2924,20,90,0,183.978,1.258,5.663,0, , , , , , , , ,15893219,23.5,16.8,2.731,1.496, , ,365.769,6.05, , ,9.831,.9,57.4,1
ZAF,Africa,South Africa,62,54.8,.34,105,2020-07-01,151209,6945,2657,128,2549.525,117.099,44.8,2.158, , , , , , , , ,59308690,46.754,27.3,5.344,3.053,12294.876,18.9,200.38,5.52,8.1,33.2,43.993,2.32,64.13,1
KOR,Asia,South Korea,0,70.2,1.18,146,2020-07-01,12850,50,282,0,250.638,.975,5.5,0, , , , , , , , ,51269183,527.967,43.4,13.914,8.622,35938.374,.2,85.998,6.8,6.2,40.9, ,12.27,83.03,1
SSD,Africa,South Sudan,30,21.7,-2.45,71,2020-07-01,2006,0,37,0,179.207,0,3.305,0, , , , , , , , ,11193729, ,19.2,3.441,2.032,1569.888, ,280.775,10.43, , , , ,57.85,1
LKA,Asia,Sri Lanka,57,33.9,-.24,139,2020-07-01,2047,5,11,0,95.595,.234,.514,0, , , , , , , , ,21413250,341.955,34.1,10.069,5.331,11669.077,.7,197.093,10.68,.3,27, ,3.6,76.98,1
SDN,Africa,Sudan,57,26.2,-1.62,93,2020-07-01,9258,0,572,0,211.132,0,13.045,0, , , , , , , , ,43849269,23.258,19.7,3.548,2.034,4466.507, ,431.388,15.67, , ,23.437,.8,65.31,1
SUR,South America,Suriname,0,36.5,-.66,93,2020-07-01,517,16,13,0,881.299,27.274,22.16,0, , , , , , , , ,586634,3.612,29.6,6.933,4.229,13767.119, ,258.314,12.54,7.4,42.9,67.779,3.1,71.68,1
SWZ,Africa,Swaziland,0,31.1,-.66,92,2020-07-01,812,17,11,0,699.901,14.653,9.481,0, , , , , , , , ,1160164,79.492,21.5,3.163,1.845,7738.975, ,333.436,3.94,1.7,16.5,24.097,2.1,60.19,1
SWE,Europe,Sweden,89,72.1,1.83,142,2020-07-01,68451,784,5333,23,6777.817,77.629,528.058,2.277, , , , , , , , ,10099270,24.718,41,19.985,13.433,46949.283,.5,133.982,4.79,18.8,18.9, ,2.22,82.8,1
CHE,Europe,Switzerland,0,67,2.04,111,2020-07-01,31631,62,1683,2,3654.812,7.164,194.463,.231, , , , , , , , ,8654618,214.243,43.1,18.436,12.644,57410.166, ,99.739,5.59,22.6,28.9, ,4.53,83.78,1
SYR,Asia,Syria,0,19.9,-1.67,84,2020-07-01,279,10,9,0,15.942,.571,.514,0, , , , , , , , ,17500657, ,21.7, ,2.577, , ,376.264, , , ,70.598,1.5,72.7,1
TJK,Asia,Tajikistan,0,32.3,-1.69,55,2020-07-01,5954,54,52,0,624.263,5.662,5.452,0, , , , , , , , ,9537642,64.281,23.3,3.466,2.155,2896.913,4.8,427.698,7.11, , ,72.704,4.8,71.1,1
TZA,Africa,Tanzania,49,36.4,-.76,90,2020-07-01,509,0,21,0,8.521,0,.352,0, , , , , , , , ,59734213,64.699,17.7,3.108,1.874,2683.304,49.1,217.288,5.75,3.3,26.7,47.953,.7,65.46,1
THA,Asia,Thailand,76,73.2,.35,153,2020-07-01,3173,2,58,0,45.458,.029,.831,0, , , , , , , , ,69799978,135.132,40.1,11.373,6.89,16277.671,.1,109.861,7.04,1.9,38.8,90.67,2.1,77.15,1
TLS,Asia,Timor,34,26,-.98,85,2020-07-01,24,0,0,0,18.203,0,0,0, , , , , , , , ,1318442,87.176,18,3.556,1.897,6570.102,30.3,335.346,6.86,6.3,78.1,28.178,5.9,69.5,1
TGO,Africa,Togo,36,32.5,-1.06,100,2020-07-01,650,7,14,0,78.514,.846,1.691,0, , , , , , , , ,8278737,143.366,19.4,2.839,1.525,1429.813,49.2,280.033,6.15,.9,14.2,10.475,.7,61.04,1
TTO,North America,Trinidad and Tobago,0,36.6,.19,94,2020-07-01,130,4,8,0,92.891,2.858,5.716,0, , , , , , , , ,1399491,266.886,36.2,10.014,5.819,28763.071, ,228.467,10.97, , ,89.443,3,73.51,1
TUN,Africa,Tunisia,59,33.7,-.11,83,2020-07-01,1174,2,50,0,99.335,.169,4.231,0, , , , , , , , ,11818618,74.228,32.7,8.001,5.075,10849.297,2,318.991,8.52,1.1,65.8,78.687,2.3,76.7,1
TUR,Asia,Turkey,0,52.4,.01,95,2020-07-01,199906,1293,5131,16,2370.266,15.331,60.838,.19, , , , , , , , ,84339067,104.914,31.6,8.153,5.061,25129.341,.2,171.285,12.13,14.1,41.1, ,2.81,77.69,1
UGA,Africa,Uganda,51,44.3,-.61,86,2020-07-01,889,19,0,0,19.436,.415,0,0, , , , , , , , ,45741000,213.759,16.4,2.168,1.308,1697.707,41.6,213.333,2.5,3.4,16.7,21.222,.5,63.37,1
UKR,Europe,Ukraine,0,38,-.42,103,2020-07-01,44998,1370,1173,26,1028.908,31.326,26.821,.595, , , , , , , , ,43733759,77.39,41.4,16.462,11.133,7894.393,.1,539.849,7.11,13.5,47.4, ,8.8,72.06,1
ARE,Asia,United Arab Emirates,91,46.7,1.43,137,2020-07-01,48667,421,315,1,4920.63,42.567,31.849,.101, , , , , , , , ,9890400,112.442,34,1.144,.526,67293.483, ,317.84,17.26,1.2,37.4, ,1.2,77.97,1
GBR,Europe,United Kingdom,0,77.9,1.34,136,2020-07-01,312654,689,43730,155,4605.574,10.149,644.168,2.283, , , , , , , , ,67886004,272.898,40.8,18.517,12.527,39753.244,.2,122.137,4.28,20,24.7, ,2.54,81.32,1
USA,North America,United States,87,83.5,1.58,153,2020-07-01,2634432,43880,127410,1270,7958.945,132.567,384.921,3.837, , , , , , , , ,331002647,35.608,38.3,15.413,9.732,54225.446,1.2,151.089,10.79,19.1,24.6, ,2.77,78.86,1
URY,South America,Uruguay,0,41.3,.56,93,2020-07-01,936,4,27,0,269.451,1.152,7.773,0, , , , , , , , ,3473727,19.751,35.6,14.655,10.361,20551.409,.1,160.708,6.93,14,19.9, ,2.8,77.91,1
UZB,Asia,Uzbekistan,0,34.3,-.55,91,2020-07-01,8627,329,26,2,257.759,9.83,.777,.06, , , , , , , , ,33469199,76.134,28.2,4.469,2.873,6253.104, ,724.417,7.57,1.3,24.7, ,4,71.72,1
VEN,South America,Venezuela,0,23,-1.58,93,2020-07-01,5832,302,51,3,205.093,10.62,1.794,.106, , , , , , , , ,28435943,36.253,29,6.614,3.915,16745.022, ,204.85,6.47, , , ,.8,72.06,1
VNM,Asia,Vietnam,57,49.1,0,143,2020-07-01,355,0,0,0,3.647,0,0,0, , , , , , , , ,97338583,308.127,32.6,7.15,4.718,6171.884,2,245.465,6,1,45.9,85.847,2.6,75.4,1
YEM,Asia,Yemen,0,18.5,-2.24,66,2020-07-01,1158,30,312,8,38.825,1.006,10.461,.268, , , , , , , , ,29825968,53.508,20.3,2.922,1.583,1479.147,18.8,495.003,5.35,7.6,29.2,49.542,.7,66.12,1
ZMB,Africa,Zambia,42,28.7,-.56,88,2020-07-01,1594,26,24,2,86.706,1.414,1.305,.109, , , , , , , , ,18383956,22.995,17.7,2.48,1.542,3689.251,57.5,234.499,3.94,3.1,24.7,13.938,2,63.89,1
ZWE,Africa,Zimbabwe,40,38.2,-1.2,86,2020-07-01,591,17,7,0,39.763,1.144,.471,0, , , , , , , , ,14862927,42.729,19.6,2.822,1.882,1899.775,21.4,307.846,1.82,1.6,30.7,36.791,1.7,61.49,1
